,title,text,url
1,MAC Mamba,MAC Mamba,/wiki/MAC_Mamba
2,Mac Eden,Mac Eden,/wiki/Mac_Eden
3,Mac Intox,Mac Intox,/wiki/Mac_Intox
4,Mac Magus,Mac Magus,/wiki/Mac_Magus
5,Mac Muse,Mac Muse,/wiki/Mac_Muse
6,Mac Pasha,Mac Pasha,/wiki/Mac_Pasha
7,Macair Merlin,Macair Merlin,/wiki/Macair_Merlin
8,Macchi L.1,Macchi L.1,/wiki/Macchi_L.1
9,Macchi L.2,Macchi L.2,/wiki/Macchi_L.2
10,Macchi L.3,Macchi L.3,/wiki/Macchi_L.3
11,Macchi M.3,Macchi M.3,/wiki/Macchi_M.3
12,Macchi M.4,Macchi M.4,/wiki/Macchi_M.4
13,Macchi M.5,Macchi M.5,/wiki/Macchi_M.5
14,Macchi M.6,Macchi M.6,/wiki/Macchi_M.6
15,Macchi M.7,Macchi M.7,/wiki/Macchi_M.7
16,Macchi M.8,Macchi M.8,/wiki/Macchi_M.8
17,Macchi M.9,Macchi M.9,/wiki/Macchi_M.9
18,Macchi M.9bis,Macchi M.9bis,/wiki/Macchi_M.9bis
19,Macchi M.12,Macchi M.12,/wiki/Macchi_M.12
20,Macchi M.12bis,Macchi M.12bis,/wiki/Macchi_M.12bis
21,Macchi M.14,Macchi M.14,/wiki/Macchi_M.14
22,Macchi M.15,Macchi M.15,/wiki/Macchi_M.15
23,Macchi M.15bis,Macchi M.15bis,/wiki/Macchi_M.15bis
24,Macchi M.16,Macchi M.16,/wiki/Macchi_M.16
25,Macchi M.17,Macchi M.17,/wiki/Macchi_M.17
26,Macchi M.18,Macchi M.18,/wiki/Macchi_M.18
27,Macchi M.19,Macchi M.19,/wiki/Macchi_M.19
28,Macchi M.24,Macchi M.24,/wiki/Macchi_M.24
29,Macchi M.26,Macchi M.26,/wiki/Macchi_M.26
30,Macchi M.33,Macchi M.33,/wiki/Macchi_M.33
31,Macchi M.39,Macchi M.39,/wiki/Macchi_M.39
32,Macchi M.40,Macchi M.40,/wiki/Macchi_M.40
33,Macchi M.41,Macchi M.41,/wiki/Macchi_M.41
34,Macchi M.52,Macchi M.52,/wiki/Macchi_M.52
35,Macchi M.53,Macchi M.53,/wiki/Macchi_M.53
36,Macchi M.67,Macchi M.67,/wiki/Macchi_M.67
37,Macchi M.70,Macchi M.70,/wiki/Macchi_M.70
38,Macchi M.71,Macchi M.71,/wiki/Macchi_M.71
39,Macchi MC.72,Macchi MC.72,/wiki/Macchi_MC.72
40,Macchi MC.94,Macchi MC.94,/wiki/Macchi_MC.94
41,Macchi MC.100,Macchi MC.100,/wiki/Macchi_MC.100
42,Macchi MC.200,Macchi MC.200,/wiki/Macchi_MC.200
43,Macchi MC.201,Macchi MC.201,/wiki/Macchi_MC.201
44,Macchi MC.202,Macchi MC.202,/wiki/Macchi_MC.202
45,Macchi MC.205,Macchi MC.205,/wiki/Macchi_MC.205
46,Macchi MC.206,Macchi MC.206,/wiki/Macchi_MC.206
47,Macchi MC.207,Macchi MC.207,/wiki/Macchi_MC.207
48,Macchi MB.308,Macchi MB.308,/wiki/Macchi_MB.308
49,Macchi MB.320,Macchi MB.320,/wiki/Macchi_MB.320
50,Macchi MB.323,Macchi MB.323,/wiki/Macchi_MB.323
51,Macchi MB.326,Macchi MB.326,/wiki/Macchi_MB.326
52,Macchi M.416,Macchi M.416,/wiki/Macchi_M.416
53,Macchi-Lockheed AL.60,Macchi-Lockheed AL.60,/wiki/Macchi-Lockheed_AL.60
54,Gossamer Condor,Gossamer Condor,/wiki/Gossamer_Condor
55,Gossamer Albatross,Gossamer Albatross,/wiki/Gossamer_Albatross
56,Gossamer Penguin,Gossamer Penguin,/wiki/Gossamer_Penguin
57,MacDonald S-20,MacDonald S-20,/wiki/MacDonald_S-20
58,MacDonald S-21,MacDonald S-21,/wiki/MacDonald_S-21
59,Mace-Trefethen M-101 Macerschmitt,Mace-Trefethen M-101 Macerschmitt,/wiki/Mace-Trefethen_M-101_Macerschmitt
60,Mace-Trefethen R-2,Mace-Trefethen R-2,/wiki/Mace-Trefethen_R-2
61,Mace-Trefethen Seamaster,Mace-Trefethen Seamaster,/wiki/Mace-Trefethen_Seamaster
62,MacFam Cavalier,Macfam SA 102.5 Cavalier,/wiki/MacFam_Cavalier
63,MacFam Cavalier,Macfam SA 103 Cavalier,/wiki/MacFam_Cavalier
64,MacFam Cavalier,Macfam SA 104 Cavalier,/wiki/MacFam_Cavalier
65,MacFam Cavalier,Macfam SA 105 Super Cavalier,/wiki/MacFam_Cavalier
66,Maeda Ku-1,Maeda Ku-1,/wiki/Maeda_Ku-1
67,Maeda Ku-6,Maeda Ku-6,/wiki/Maeda_Ku-6
68,Maestranza Central de Aviación Triciclo-Experimental,Maestranza Central de Aviación Triciclo-Experimental,/wiki/Maestranza_Central_de_Aviaci%C3%B3n_Triciclo-Experimental
69,Maestranza Central de Aviación XX-01,Maestranza Central de Aviación XX-01,/wiki/Maestranza_Central_de_Aviaci%C3%B3n_XX-01
70,Maestranza Central de Aviación HF XX-02,Maestranza Central de Aviación HF XX-02,/wiki/Maestranza_Central_de_Aviaci%C3%B3n_HF_XX-02
71,MAG-Fokker 90.05,MAG-Fokker 90.05,/wiki/MAG-Fokker_90.05
72,Magni Vale,Magni Vale,/wiki/Magni_Vale
73,Magni Supervale,Magni Supervale,/wiki/Magni_Supervale
74,Magni M-14 Scout,Magni M-14 Scout,/wiki/Magni_M-14_Scout
75,Magni M-16 Tandem Trainer,Magni M-16 Tandem Trainer,/wiki/Magni_M-16_Tandem_Trainer
76,Magni M-18 Spartan,Magni M-18 Spartan,/wiki/Magni_M-18_Spartan
77,Magni M-22 Voyager,Magni M-22 Voyager,/wiki/Magni_M-22_Voyager
78,Magni XM-23 Orion,Magni XM-23 Orion,/wiki/Magni_XM-23_Orion
79,Magni M-24 Orion,Magni M-24 Orion,/wiki/Magni_M-24_Orion
80,Magni M-26,Magni M-26,/wiki/Magni_M-26
81,O'Neill Magnum,Magnum Pickup,/wiki/O%27Neill_Magnum
82,Beck-Mahoney Sorceress,Mahoney Sorceress,/wiki/Beck-Mahoney_Sorceress
83,Mahoney-Ryan B-1,Mahoney-Ryan B-1,/wiki/Mahoney-Ryan_B-1
84,Mahoney-Ryan B-2,Mahoney-Ryan B-2,/wiki/Mahoney-Ryan_B-2
85,Mahoney-Ryan B-3 Brougham,Mahoney-Ryan B-3 Brougham,/wiki/Mahoney-Ryan_B-3_Brougham
86,MAI Kvant,MAI Kvant,/wiki/MAI_Kvant
87,MAI-SKB-3PM,MAI-SKB-3PM,/wiki/MAI-SKB-3PM
88,MAI Junior,MAI Junior,/wiki/MAI_Junior
89,OSKBES MAI-208,OSKBES MAI-208,/wiki/OSKBES_MAI-208
90,MAI-223 Kityonok,MAI-223 Kityonok,/wiki/MAI-223_Kityonok
91,MAI-890,MAI-890,/wiki/MAI-890
92,MAI-890U,MAI-890U,/wiki/MAI-890U
93,Aviatika-MAI-890SKh Farmer,Aviatika-MAI-890SKh Farmer,/wiki/Aviatika-MAI-890SKh_Farmer
94,Aviatika-MAI-890USKh,Aviatika-MAI-890USKh,/wiki/Aviatika-MAI-890USKh
95,Aviatika-MAI-890S,Aviatika-MAI-890S,/wiki/Aviatika-MAI-890S
96,MAI-900 Acrobat,MAI-900 Acrobat,/wiki/MAI-900_Acrobat
97,OSKBES MAI-920,OSKBES MAI-920,/wiki/OSKBES_MAI-920
98,MAI-980U,MAI-980U,/wiki/MAI-980U
99,MAI-980CSH,MAI-980CSH,/wiki/MAI-980CSH
100,Mainair Blade,Mainair Blade,/wiki/Mainair_Blade
101,Mainair Blade 582,Mainair Blade 582,/wiki/Mainair_Blade_582
102,Mainair Blade 912,Mainair Blade 912,/wiki/Mainair_Blade_912
103,Mainair Rapier,Mainair Rapier,/wiki/Mainair_Rapier
104,Hatz CB-1,Hatz Bantam,/wiki/Hatz_CB-1
105,Hatz CB-1,Hatz CB-1,/wiki/Hatz_CB-1
106,Hatz Classic,Hatz Classic,/wiki/Hatz_Classic
107,Makhonine Mak-10,Makhonine Mak-10,/wiki/Makhonine_Mak-10
108,Malcolm Merlin,Malcolm Merlin,/wiki/Malcolm_Merlin
109,Stemal III,Stemal III,/wiki/Stemal_III
110,Manfred Weiss Hungária,Manfred Weiss Hungária,/wiki/Manfred_Weiss_Hung%C3%A1ria
111,Manfred Weiss EM-10,Manfred Weiss EM-10,/wiki/Manfred_Weiss_EM-10
112,Manfred Weiss WM-10 Ölyv,Manfred Weiss WM-10 Ölyv,/wiki/Manfred_Weiss_WM-10_%C3%96lyv
113,Manfred Weiss WM-13,Manfred Weiss WM-13,/wiki/Manfred_Weiss_WM-13
114,Manfred Weiss WM-16 Budapest,Manfred Weiss WM-16 Budapest,/wiki/Manfred_Weiss_WM-16_Budapest
115,Gnome-Rhône 9K Mistral,Gnome-Rhône 9K Mistral,/wiki/Gnome-Rh%C3%B4ne_9K_Mistral
116,Gnome-Rhône 14K Mistral Major,Gnome-Rhône 14K Mistral Major,/wiki/Gnome-Rh%C3%B4ne_14K_Mistral_Major
117,Manfred Weiss WM-21 Sólyom,Manfred Weiss WM-21 Sólyom,/wiki/Manfred_Weiss_WM-21_S%C3%B3lyom
118,Manko MT-1 Hayabusa Passenger Transport,Manko MT-1 Hayabusa Passenger Transport,/wiki/Manko_MT-1_Hayabusa_Passenger_Transport
119,Mann Egerton Type B,Mann Egerton Type B,/wiki/Mann_Egerton_Type_B
120,Mann Egerton Type H,Mann Egerton Type H,/wiki/Mann_Egerton_Type_H
121,Mann & Grimmer M.1,Mann & Grimmer M.1,/wiki/Mann_%26_Grimmer_M.1
122,"""Poll"" Triplane","""Poll"" Triplane",/wiki/%22Poll%22_Triplane
123,Mansyū Ki-79,Mansyū Ki-79,/wiki/Mansy%C5%AB_Ki-79
124,Mansyū Army Type 2 Advanced Trainer,Mansyū Army Type 2 Advanced Trainer,/wiki/Mansy%C5%AB_Army_Type_2_Advanced_Trainer
125,Mansyū Ki-98,Mansyū Ki-98,/wiki/Mansy%C5%AB_Ki-98
126,Manta Foxbat,Manta Foxbat,/wiki/Manta_Foxbat
127,Mantelli AM-6,Mantelli AM-6,/wiki/Mantelli_AM-6
128,Mantelli AM-8,Mantelli AM-8,/wiki/Mantelli_AM-8
129,Mantelli AM-12,Mantelli AM-12,/wiki/Mantelli_AM-12
130,Manzolini Libellula,Manzolini Libellula,/wiki/Manzolini_Libellula
131,Marais Avionette,Marais Avionette,/wiki/Marais_Avionette
132,Maranda BM3,Maranda BM3,/wiki/Maranda_BM3
133,Marawing 1-L Malamut,Marawing 1-L Malamut,/wiki/Marawing_1-L_Malamut
134,Marbella Parapente Paramotor PAP,Marbella Parapente Paramotor PAP,/wiki/Marbella_Parapente_Paramotor_PAP
135,Marc Parrot,Marc Parrot,/wiki/Marc_Parrot
136,M.V.T. Scout,M.V.T. Scout,/wiki/M.V.T._Scout
137,Marenco SwissHelicopter SKYe SH09,Marenco SwissHelicopter SKYe SH09,/wiki/Marenco_SwissHelicopter_SKYe_SH09
138,Marendaz Trainer,Marendaz Trainer,/wiki/Marendaz_Trainer
139,EM-10 Bielik,EM-10 Bielik,/wiki/EM-10_Bielik
140,EM-11 Orka,EM-11 Orka,/wiki/EM-11_Orka
141,MDM MDM-1 Fox,MDM MDM-1 Fox,/wiki/MDM_MDM-1_Fox
142,Swift S-1,Swift S-1,/wiki/Swift_S-1
143,Marie JPM.01 Médoc,Marie JPM.01 Médoc,/wiki/Marie_JPM.01_M%C3%A9doc
144,Dragon Eye,Dragon Eye,/wiki/Dragon_Eye
145,Marinens Flyvebaatfabrikk M.F.1,Marinens Flyvebaatfabrikk M.F.1,/wiki/Marinens_Flyvebaatfabrikk_M.F.1
146,Marinens Flyvebaatfabrikk M.F.2,Marinens Flyvebaatfabrikk M.F.2,/wiki/Marinens_Flyvebaatfabrikk_M.F.2
147,Marinens Flyvebaatfabrikk M.F.3,Marinens Flyvebaatfabrikk M.F.3,/wiki/Marinens_Flyvebaatfabrikk_M.F.3
148,Marinens Flyvebaatfabrikk M.F.4,Marinens Flyvebaatfabrikk M.F.4,/wiki/Marinens_Flyvebaatfabrikk_M.F.4
149,Marinens Flyvebaatfabrikk M.F.5,Marinens Flyvebaatfabrikk M.F.5,/wiki/Marinens_Flyvebaatfabrikk_M.F.5
150,Marinens Flyvebaatfabrikk M.F.6,Marinens Flyvebaatfabrikk M.F.6,/wiki/Marinens_Flyvebaatfabrikk_M.F.6
151,Marinens Flyvebaatfabrikk M.F.7,Marinens Flyvebaatfabrikk M.F.7,/wiki/Marinens_Flyvebaatfabrikk_M.F.7
152,Marinens Flyvebaatfabrikk M.F.8,Marinens Flyvebaatfabrikk M.F.8,/wiki/Marinens_Flyvebaatfabrikk_M.F.8
153,Marinens Flyvebaatfabrikk M.F.9,Marinens Flyvebaatfabrikk M.F.9,/wiki/Marinens_Flyvebaatfabrikk_M.F.9
154,Marinens Flyvebaatfabrikk M.F.10,Marinens Flyvebaatfabrikk M.F.10,/wiki/Marinens_Flyvebaatfabrikk_M.F.10
155,Marinens Flyvebaatfabrikk M.F.11,Marinens Flyvebaatfabrikk M.F.11,/wiki/Marinens_Flyvebaatfabrikk_M.F.11
156,Marinens Flyvebaatfabrikk M.F.12,Marinens Flyvebaatfabrikk M.F.12,/wiki/Marinens_Flyvebaatfabrikk_M.F.12
157,Marinens Flyvebaatfabrikk W.33,Marinens Flyvebaatfabrikk W.33,/wiki/Marinens_Flyvebaatfabrikk_W.33
158,Mariner Aircraft Mariner,Mariner Aircraft Mariner,/wiki/Mariner_Aircraft_Mariner
159,Mark Shark,Mark Shark,/wiki/Mark_Shark
160,Märkische D.I,Märkische D.I,/wiki/M%C3%A4rkische_D.I
161,Marquart MA-4 Lancer,Marquart MA-4 Lancer,/wiki/Marquart_MA-4_Lancer
162,Marquart MA-5 Charger,Marquart MA-5 Charger,/wiki/Marquart_MA-5_Charger
163,Marrone VM-1,Marrone VM-1,/wiki/Marrone_VM-1
164,Marsh S2R-T Turbo Thrush,Marsh S2R-T Turbo Thrush,/wiki/Marsh_S2R-T_Turbo_Thrush
165,Marshalls MA.4,Marshalls MA.4,/wiki/Marshalls_MA.4
166,Martin A-15,Martin A-15,/wiki/Martin_A-15
167,Martin A-22 Maryland,Martin A-22 Maryland,/wiki/Martin_A-22_Maryland
168,Martin A-23 Baltimore,Martin A-23 Baltimore,/wiki/Martin_A-23_Baltimore
169,Martin A-30 Baltimore,Martin A-30 Baltimore,/wiki/Martin_A-30_Baltimore
170,Martin A-45,Martin A-45,/wiki/Martin_A-45
171,Martin AM Mauler,Martin AM Mauler,/wiki/Martin_AM_Mauler
172,Martin AT-23,Martin AT-23,/wiki/Martin_AT-23
173,Martin B-10,Martin B-10,/wiki/Martin_B-10
174,Martin B-12,Martin B-12,/wiki/Martin_B-12
175,Martin B-13,Martin B-13,/wiki/Martin_B-13
176,Martin B-14,Martin B-14,/wiki/Martin_B-14
177,Martin B-16,Martin B-16,/wiki/Martin_B-16
178,Martin B-26 Marauder,Martin B-26 Marauder,/wiki/Martin_B-26_Marauder
179,Martin B-27,Martin B-27,/wiki/Martin_B-27
180,Martin B-33 Super Marauder,Martin B-33 Super Marauder,/wiki/Martin_B-33_Super_Marauder
181,Martin B-48,Martin B-48,/wiki/Martin_B-48
182,Martin B-51,Martin B-51,/wiki/Martin_B-51
183,Martin B-57 Canberra,Martin B-57 Canberra,/wiki/Martin_B-57_Canberra
184,Martin B-68,Martin B-68,/wiki/Martin_B-68
185,Martin XLB-4,Martin XLB-4,/wiki/Martin_XLB-4
186,Martin BM,Martin BM,/wiki/Martin_BM
187,Martin BTM,Martin BTM,/wiki/Martin_BTM
188,Martin C-3,Martin C-3,/wiki/Martin_C-3
189,Martin JM,Martin JM,/wiki/Martin_JM
190,Martin JRM Mars,Martin JRM Mars,/wiki/Martin_JRM_Mars
191,Martin MO,Martin MO,/wiki/Martin_MO
192,Martin M2O,Martin M2O,/wiki/Martin_M2O
193,Martin MS,Martin MS,/wiki/Martin_MS
194,Martin NBS-1,Martin NBS-1,/wiki/Martin_NBS-1
195,Martin N2M,Martin N2M,/wiki/Martin_N2M
196,Martin P-5 Marlin,Martin P-5 Marlin,/wiki/Martin_P-5_Marlin
197,Martin PM,Martin PM,/wiki/Martin_PM
198,Martin P2M,Martin P2M,/wiki/Martin_P2M
199,Martin P3M,Martin P3M,/wiki/Martin_P3M
200,Martin P4M Mercator,Martin P4M Mercator,/wiki/Martin_P4M_Mercator
201,Martin P5M Marlin,Martin P5M Marlin,/wiki/Martin_P5M_Marlin
202,Martin P6M SeaMaster,Martin P6M SeaMaster,/wiki/Martin_P6M_SeaMaster
203,Martin P7M SubMaster,Martin P7M SubMaster,/wiki/Martin_P7M_SubMaster
204,Martin PBM Mariner,Martin PBM Mariner,/wiki/Martin_PBM_Mariner
205,Martin PB2M Mars,Martin PB2M Mars,/wiki/Martin_PB2M_Mars
206,Martin RM,Martin RM,/wiki/Martin_RM
207,Martin SC,Martin SC,/wiki/Martin_SC
208,Martin T2M,Martin T2M,/wiki/Martin_T2M
209,Martin T3M,Martin T3M,/wiki/Martin_T3M
210,Martin T4M,Martin T4M,/wiki/Martin_T4M
211,Martin T5M,Martin T5M,/wiki/Martin_T5M
212,Martin X-23 PRIME,Martin X-23 PRIME,/wiki/Martin_X-23_PRIME
213,Martin XB-907,Martin XB-907,/wiki/Martin_XB-907
214,Martin M-130 Clipper,Martin M-130 Clipper,/wiki/Martin_M-130_Clipper
215,Martin 139,Martin 139,/wiki/Martin_139
216,Martin 145,Martin 145,/wiki/Martin_145
217,Martin 146,Martin 146,/wiki/Martin_146
218,Martin 156,Martin 156,/wiki/Martin_156
219,Martin 162,Martin 162,/wiki/Martin_162
220,Martin 166,Martin 166,/wiki/Martin_166
221,Martin 167,Martin 167,/wiki/Martin_167
222,Martin 179,Martin 179,/wiki/Martin_179
223,Martin 187,Martin 187,/wiki/Martin_187
224,Martin 193,Martin 193,/wiki/Martin_193
225,Martin 316,Martin 316,/wiki/Martin_316
226,Martin 2-0-2,Martin 2-0-2,/wiki/Martin_2-0-2
227,Martin 3-0-3,Martin 3-0-3,/wiki/Martin_3-0-3
228,Martin 4-0-4,Martin 4-0-4,/wiki/Martin_4-0-4
229,Martin Baltimore,Martin Baltimore,/wiki/Martin_Baltimore
230,Martin GMB,Martin GMB,/wiki/Martin_GMB
231,Martin GMC,Martin GMC,/wiki/Martin_GMC
232,Martin GMP,Martin GMP,/wiki/Martin_GMP
233,Martin GMT,Martin GMT,/wiki/Martin_GMT
234,Martin Maryland,Martin Maryland,/wiki/Martin_Maryland
235,Martin MB-1,Martin MB-1,/wiki/Martin_MB-1
236,Martin MB-2,Martin MB-2,/wiki/Martin_MB-2
237,Martin MBT,Martin MBT,/wiki/Martin_MBT
238,Martin MT,Martin MT,/wiki/Martin_MT
239,Martin S Hydro,Martin S Hydro,/wiki/Martin_S_Hydro
240,Martin T,Martin T,/wiki/Martin_T
241,Martin T-1,Martin T-1,/wiki/Martin_T-1
242,Martin TT,Martin TT,/wiki/Martin_TT
243,Martin Jetpack,Martin Jetpack,/wiki/Martin_Jetpack
244,Martin K-III Kitten,Martin K-III Kitten,/wiki/Martin_K-III_Kitten
245,Martin K-IV,Martin K-IV,/wiki/Martin_K-IV
246,Martin KF-1,Martin KF-1,/wiki/Martin_KF-1
247,Martin-Baker MB 1,Martin-Baker MB 1,/wiki/Martin-Baker_MB_1
248,Martin-Baker MB 2,Martin-Baker MB 2,/wiki/Martin-Baker_MB_2
249,Martin-Baker MB 3,Martin-Baker MB 3,/wiki/Martin-Baker_MB_3
250,Martin-Baker MB 5,Martin-Baker MB 5,/wiki/Martin-Baker_MB_5
251,Martin-Marietta X-23 PRIME,Martin-Marietta X-23 PRIME,/wiki/Martin-Marietta_X-23_PRIME
252,Martin-Marietta X-24A PILOT,Martin-Marietta X-24A PILOT,/wiki/Martin-Marietta_X-24A_PILOT
253,Martin-Marietta X-24B,Martin-Marietta X-24B,/wiki/Martin-Marietta_X-24B
254,Martin-Marietta SV-5J,Martin-Marietta SV-5J,/wiki/Martin-Marietta_SV-5J
255,Martin-Marietta SV-5P,Martin-Marietta SV-5P,/wiki/Martin-Marietta_SV-5P
256,Martin-Handasyde No. 3,Martin-Handasyde No. 3,/wiki/Martin-Handasyde_No._3
257,Martin-Handasyde No.4B Dragonfly,Martin-Handasyde No.4B Dragonfly,/wiki/Martin-Handasyde_No.4B_Dragonfly
258,Martinsyde A1,Martinsyde A1,/wiki/Martinsyde_A1
259,Martinsyde F1,Martinsyde F1,/wiki/Martinsyde_F1
260,Martinsyde F2,Martinsyde F2,/wiki/Martinsyde_F2
261,Martinsyde F3,Martinsyde F3,/wiki/Martinsyde_F3
262,Martinsyde F.4 Buzzard,Martinsyde F.4 Buzzard,/wiki/Martinsyde_F.4_Buzzard
263,Martinsyde F6,Martinsyde F6,/wiki/Martinsyde_F6
264,Martinsyde Elephant,Martinsyde Elephant,/wiki/Martinsyde_Elephant
265,Martinsyde G102,Martinsyde G102,/wiki/Martinsyde_G102
266,Martinsyde G100,Martinsyde G100,/wiki/Martinsyde_G100
267,Martinsyde S1,Martinsyde S1,/wiki/Martinsyde_S1
268,Martinsyde Semiquaver,Martinsyde Semiquaver,/wiki/Martinsyde_Semiquaver
269,Martinsyde Raymor,Martinsyde Raymor,/wiki/Martinsyde_Raymor
270,Maschelin M58 Masquito,Maschelin M58 Masquito,/wiki/Maschelin_M58_Masquito
271,Mason Greater Meteor,Mason Greater Meteor,/wiki/Mason_Greater_Meteor
272,Mason Meteor M,Mason Meteor M,/wiki/Mason_Meteor_M
273,Masquito M58,Masquito M58,/wiki/Masquito_M58
274,Masquito M80,Masquito M80,/wiki/Masquito_M80
275,Mathews Mr Easy,Mathews Mr Easy,/wiki/Mathews_Mr_Easy
276,Mathews Petit Breezy,Mathews Petit Breezy,/wiki/Mathews_Petit_Breezy
277,Mathews PUP,Mathews PUP,/wiki/Mathews_PUP
278,Mathews Turnerkraft,Mathews Turnerkraft,/wiki/Mathews_Turnerkraft
279,Mathewson,Mathewson#1,/wiki/Mathewson#1
280,Mathewson,Mathewson#2,/wiki/Mathewson#2
281,Mathewson,Mathewson#3,/wiki/Mathewson#3
282,Mathewson,Mathewson#4,/wiki/Mathewson#4
283,Mathewson,Mathewson#5,/wiki/Mathewson#5
284,Mathewson,Mathewson#6,/wiki/Mathewson#6
285,MATRA-Cantinieau MC-101,MATRA-Cantinieau MC-101,/wiki/MATRA-Cantinieau_MC-101
286,MATRA 360.4 Jupiter,MATRA 360.4 Jupiter,/wiki/MATRA_360.4_Jupiter
287,MATRA 360.6 Jupiter,MATRA 360.6 Jupiter,/wiki/MATRA_360.6_Jupiter
288,Mauboussin H.10,Mauboussin H.10,/wiki/Mauboussin_H.10
289,Mauboussin M.10,Mauboussin M.10,/wiki/Mauboussin_M.10
290,Mauboussin M.10bis,Mauboussin M.10bis,/wiki/Mauboussin_M.10bis
291,Mauboussin M.40 Hémiptère,Mauboussin M.40 Hémiptère,/wiki/Mauboussin_M.40_H%C3%A9mipt%C3%A8re
292,Mauboussin M.112,Mauboussin M.112,/wiki/Mauboussin_M.112
293,Mauboussin M.120 Corsaire,Mauboussin M.120 Corsaire,/wiki/Mauboussin_M.120_Corsaire
294,Mauboussin M.120/32,Mauboussin M.120/32,/wiki/Mauboussin_M.120/32
295,Mauboussin M.120/34,Mauboussin M.120/34,/wiki/Mauboussin_M.120/34
296,Mauboussin M.120/37,Mauboussin M.120/37,/wiki/Mauboussin_M.120/37
297,Mauboussin M.121 Corsaire Major,Mauboussin M.121 Corsaire Major,/wiki/Mauboussin_M.121_Corsaire_Major
298,Mauboussin M.122 Corsaire Major,Mauboussin M.122 Corsaire Major,/wiki/Mauboussin_M.122_Corsaire_Major
299,Mauboussin M.123 Corsaire,Mauboussin M.123 Corsaire,/wiki/Mauboussin_M.123_Corsaire
300,Mauboussin M.123C,Mauboussin M.123C,/wiki/Mauboussin_M.123C
301,Mauboussin M.123M,Mauboussin M.123M,/wiki/Mauboussin_M.123M
302,Mauboussin M.123R,Mauboussin M.123R,/wiki/Mauboussin_M.123R
303,Mauboussin M.123T,Mauboussin M.123T,/wiki/Mauboussin_M.123T
304,Mauboussin M.124,Mauboussin M.124,/wiki/Mauboussin_M.124
305,Mauboussin M.125,Mauboussin M.125,/wiki/Mauboussin_M.125
306,Mauboussin M.126,Mauboussin M.126,/wiki/Mauboussin_M.126
307,Mauboussin M.127,Mauboussin M.127,/wiki/Mauboussin_M.127
308,Mauboussin M.128,Mauboussin M.128,/wiki/Mauboussin_M.128
309,Mauboussin M.129,Mauboussin M.129,/wiki/Mauboussin_M.129
310,Mauboussin M.200,Mauboussin M.200,/wiki/Mauboussin_M.200
311,Mauboussin M.201,Mauboussin M.201,/wiki/Mauboussin_M.201
312,Mauboussin M.202,Mauboussin M.202,/wiki/Mauboussin_M.202
313,Maule M-4,Maule M-4,/wiki/Maule_M-4
314,Maule M-5,Maule M-5,/wiki/Maule_M-5
315,Maule M-6,Maule M-6,/wiki/Maule_M-6
316,Maule M-7,Maule M-7,/wiki/Maule_M-7
317,Maule MT-7,Maule MT-7,/wiki/Maule_MT-7
318,Maule MX-7,Maule MX-7,/wiki/Maule_MX-7
319,Maule MXT-7,Maule MXT-7,/wiki/Maule_MXT-7
320,Maule Bee Dee M-4,Maule Bee Dee M-4,/wiki/Maule_Bee_Dee_M-4
321,List of aircraft (E-H),Farman Aviation Works,/wiki/List_of_aircraft_(E-H)#F
322,Mauro Solar Riser,Mauro Solar Riser,/wiki/Mauro_Solar_Riser
323,MÁVAG Héja,MÁVAG Héja,/wiki/M%C3%81VAG_H%C3%A9ja
324,Max Holste MH.20,Max Holste MH.20,/wiki/Max_Holste_MH.20
325,Max Holste MH.52,Max Holste MH.52,/wiki/Max_Holste_MH.52
326,Max Holste MH.53,Max Holste MH.53,/wiki/Max_Holste_MH.53
327,Max Holste M.H.152,Max Holste M.H.152,/wiki/Max_Holste_M.H.152
328,Max Holste MH.1521 Broussard,Max Holste MH.1521 Broussard,/wiki/Max_Holste_MH.1521_Broussard
329,Max Holste MH.1522 Broussard,Max Holste MH.1522 Broussard,/wiki/Max_Holste_MH.1522_Broussard
330,Max Holste M.H.153,Max Holste M.H.153,/wiki/Max_Holste_M.H.153
331,Max Holste MH.250 Super Broussard,Max Holste MH.250 Super Broussard,/wiki/Max_Holste_MH.250_Super_Broussard
332,Max Holste MH.260 Super Broussard,Max Holste MH.260 Super Broussard,/wiki/Max_Holste_MH.260_Super_Broussard
333,Max Plan PF.204 Busard,Max Plan PF.204 Busard,/wiki/Max_Plan_PF.204_Busard
334,Max Plan PF.205 Busard,Max Plan PF.205 Busard,/wiki/Max_Plan_PF.205_Busard
335,Max Plan PF.214,Max Plan PF.214,/wiki/Max_Plan_PF.214
336,Max Plan PF.215,Max Plan PF.215,/wiki/Max_Plan_PF.215
337,MBB 223 Flamingo,MBB 223 Flamingo,/wiki/MBB_223_Flamingo
338,MBB Bö 102,MBB Bö 102,/wiki/MBB_B%C3%B6_102
339,MBB Bö 103,MBB Bö 103,/wiki/MBB_B%C3%B6_103
340,MBB Bö 105,MBB Bö 105,/wiki/MBB_B%C3%B6_105
341,MBB Bö 106,MBB Bö 106,/wiki/MBB_B%C3%B6_106
342,MBB Bö 107,MBB Bö 107,/wiki/MBB_B%C3%B6_107
343,MBB Bö 108,MBB Bö 108,/wiki/MBB_B%C3%B6_108
344,MBB Bö 208 Junior,MBB Bö 208 Junior,/wiki/MBB_B%C3%B6_208_Junior
345,MBB Bö 209 Monsun,MBB Bö 209 Monsun,/wiki/MBB_B%C3%B6_209_Monsun
346,MBB HFB 320 Hansa-Jet,MBB HFB 320 Hansa-Jet,/wiki/MBB_HFB_320_Hansa-Jet
347,MBB Fan Ranger,MBB Fan Ranger,/wiki/MBB_Fan_Ranger
348,MBB/Kawasaki BK 117,MBB/Kawasaki BK 117,/wiki/MBB/Kawasaki_BK_117
349,MBB-Kawasaki CH-143,MBB-Kawasaki CH-143,/wiki/MBB-Kawasaki_CH-143
350,McCarley Mini-Mac,McCarley Mini-Mac,/wiki/McCarley_Mini-Mac
351,MCC Boléa,MCC Boléa,/wiki/MCC_Bol%C3%A9a
352,McCulloch J-2,McCulloch J-2,/wiki/McCulloch_J-2
353,McCulloch 4E,McCulloch 4E,/wiki/McCulloch_4E
354,McCulloch MC-4,McCulloch MC-4,/wiki/McCulloch_MC-4
355,McCulloch YH-30,McCulloch YH-30,/wiki/McCulloch_YH-30
356,McCulloch XHUM-1,McCulloch XHUM-1,/wiki/McCulloch_XHUM-1
357,McDonnell F-2 Banshee,McDonnell F-2 Banshee,/wiki/McDonnell_F-2_Banshee
358,McDonnell F-3 Demon,McDonnell F-3 Demon,/wiki/McDonnell_F-3_Demon
359,McDonnell F-4 Phantom II,McDonnell F-4 Phantom II,/wiki/McDonnell_F-4_Phantom_II
360,McDonnell F-101 Voodoo,McDonnell F-101 Voodoo,/wiki/McDonnell_F-101_Voodoo
361,McDonnell F-110 Spectre,McDonnell F-110 Spectre,/wiki/McDonnell_F-110_Spectre
362,McDonnell F-85 Goblin,McDonnell F-85 Goblin,/wiki/McDonnell_F-85_Goblin
363,McDonnell F-88 Voodoo,McDonnell F-88 Voodoo,/wiki/McDonnell_F-88_Voodoo
364,McDonnell AH,McDonnell AH,/wiki/McDonnell_AH
365,McDonnell FD Phantom,McDonnell FD Phantom,/wiki/McDonnell_FD_Phantom
366,McDonnell FH Phantom,McDonnell FH Phantom,/wiki/McDonnell_FH_Phantom
367,McDonnell F2H Banshee,McDonnell F2H Banshee,/wiki/McDonnell_F2H_Banshee
368,McDonnell F3H Demon,McDonnell F3H Demon,/wiki/McDonnell_F3H_Demon
369,McDonnell F4H Phantom II,McDonnell F4H Phantom II,/wiki/McDonnell_F4H_Phantom_II
370,McDonnell H-20 Little Henry,McDonnell H-20 Little Henry,/wiki/McDonnell_H-20_Little_Henry
371,McDonnell H-29,McDonnell H-29,/wiki/McDonnell_H-29
372,McDonnell HCH,McDonnell HCH,/wiki/McDonnell_HCH
373,McDonnell HJD Whirlaway,McDonnell HJD Whirlaway,/wiki/McDonnell_HJD_Whirlaway
374,McDonnell HJH Whirlaway,McDonnell HJH Whirlaway,/wiki/McDonnell_HJH_Whirlaway
375,McDonnell KDD Kadydid,McDonnell KDD Kadydid,/wiki/McDonnell_KDD_Kadydid
376,McDonnell TD2D Katydid,McDonnell TD2D Katydid,/wiki/McDonnell_TD2D_Katydid
377,McDonnell KSD Gargoyle,McDonnell KSD Gargoyle,/wiki/McDonnell_KSD_Gargoyle
378,McDonnell LBD Gargoyle,McDonnell LBD Gargoyle,/wiki/McDonnell_LBD_Gargoyle
379,McDonnell L-25,McDonnell L-25,/wiki/McDonnell_L-25
380,McDonnell LBD Gargoyle,McDonnell LBD Gargoyle,/wiki/McDonnell_LBD_Gargoyle
381,McDonnell P-67 Bat,McDonnell P-67 Bat,/wiki/McDonnell_P-67_Bat
382,McDonnell V-1 Jeep,McDonnell V-1 Jeep,/wiki/McDonnell_V-1_Jeep
383,McDonnell 38,McDonnell 38,/wiki/McDonnell_38
384,McDonnell 79,McDonnell 79,/wiki/McDonnell_79
385,McDonnell 86,McDonnell 86,/wiki/McDonnell_86
386,McDonnell 119,McDonnell 119,/wiki/McDonnell_119
387,McDonnell 120 Flying Crane,McDonnell 120 Flying Crane,/wiki/McDonnell_120_Flying_Crane
388,McDonnell 188,McDonnell 188,/wiki/McDonnell_188
389,McDonnell 220,McDonnell 220,/wiki/McDonnell_220
390,McDonnell CF-101 Voodoo,McDonnell CF-101 Voodoo,/wiki/McDonnell_CF-101_Voodoo
391,James Smith McDonnell,McDonnell Doodlebug,"/wiki/James_Smith_McDonnell#J.S._McDonnell_&_Associates_and_the_""Doodle_Bug"""
392,McDonnell Douglas A-4 Skyhawk,McDonnell Douglas A-4 Skyhawk,/wiki/McDonnell_Douglas_A-4_Skyhawk
393,McDonnell Douglas/Lockheed-Martin A-4AR Fightinghawk,McDonnell Douglas/Lockheed-Martin A-4AR Fightinghawk,/wiki/McDonnell_Douglas/Lockheed-Martin_A-4AR_Fightinghawk
394,McDonnell Douglas/General Dynamics A-12 Avenger,McDonnell Douglas/General Dynamics A-12 Avenger,/wiki/McDonnell_Douglas/General_Dynamics_A-12_Avenger
395,McDonnell Douglas C-9 Nightingale,McDonnell Douglas C-9 Nightingale,/wiki/McDonnell_Douglas_C-9_Nightingale
396,McDonnell Douglas C-9 Skytrain II,McDonnell Douglas C-9 Skytrain II,/wiki/McDonnell_Douglas_C-9_Skytrain_II
397,McDonnell Douglas KC-10 Extender,McDonnell Douglas KC-10 Extender,/wiki/McDonnell_Douglas_KC-10_Extender
398,McDonnell Douglas YC-15,McDonnell Douglas YC-15,/wiki/McDonnell_Douglas_YC-15
399,McDonnell Douglas AH-64 Apache,McDonnell Douglas AH-64 Apache,/wiki/McDonnell_Douglas_AH-64_Apache
400,McDonnell Douglas F-4 Phantom II,McDonnell Douglas F-4 Phantom II,/wiki/McDonnell_Douglas_F-4_Phantom_II
401,McDonnell Douglas F-15 Eagle,McDonnell Douglas F-15 Eagle,/wiki/McDonnell_Douglas_F-15_Eagle
402,McDonnell Douglas F/A-18 Hornet,McDonnell Douglas F/A-18 Hornet,/wiki/McDonnell_Douglas_F/A-18_Hornet
403,McDonnell Douglas/British Aerospace AV-8B Harrier II,McDonnell Douglas/British Aerospace AV-8B Harrier II,/wiki/McDonnell_Douglas/British_Aerospace_AV-8B_Harrier_II
404,McDonnell Douglas X-36,McDonnell Douglas X-36,/wiki/McDonnell_Douglas_X-36
405,McDonnell Douglas DC-9,McDonnell Douglas DC-9,/wiki/McDonnell_Douglas_DC-9
406,McDonnell Douglas DC-10,McDonnell Douglas DC-10,/wiki/McDonnell_Douglas_DC-10
407,McDonnell Douglas MD-11,McDonnell Douglas MD-11,/wiki/McDonnell_Douglas_MD-11
408,McDonnell Douglas MD-12,McDonnell Douglas MD-12,/wiki/McDonnell_Douglas_MD-12
409,McDonnell Douglas MD-81,McDonnell Douglas MD-81,/wiki/McDonnell_Douglas_MD-81
410,McDonnell Douglas MD-82,McDonnell Douglas MD-82,/wiki/McDonnell_Douglas_MD-82
411,McDonnell Douglas MD-83,McDonnell Douglas MD-83,/wiki/McDonnell_Douglas_MD-83
412,McDonnell Douglas MD-87,McDonnell Douglas MD-87,/wiki/McDonnell_Douglas_MD-87
413,McDonnell Douglas MD-88,McDonnell Douglas MD-88,/wiki/McDonnell_Douglas_MD-88
414,McDonnell Douglas MD-90,McDonnell Douglas MD-90,/wiki/McDonnell_Douglas_MD-90
415,McDonnell Douglas MD-94X,McDonnell Douglas MD-94X,/wiki/McDonnell_Douglas_MD-94X
416,McDonnell Douglas MD-95,McDonnell Douglas MD-95,/wiki/McDonnell_Douglas_MD-95
417,McDonnell Douglas CF-188 Hornet,McDonnell Douglas CF-188 Hornet,/wiki/McDonnell_Douglas_CF-188_Hornet
418,McKinnon G-21C,McKinnon G-21C,/wiki/McKinnon_G-21C
419,McKinnon G-21D,McKinnon G-21D,/wiki/McKinnon_G-21D
420,McKinnon G-21E,McKinnon G-21E,/wiki/McKinnon_G-21E
421,McKinnon G-21F,McKinnon G-21F,/wiki/McKinnon_G-21F
422,McKinnon G-21G Turbo Goose,McKinnon G-21G Turbo Goose,/wiki/McKinnon_G-21G_Turbo_Goose
423,McKinnon Super Widgeon,McKinnon Super Widgeon,/wiki/McKinnon_Super_Widgeon
424,McKinnon Turbo-Goose,McKinnon Turbo-Goose,/wiki/McKinnon_Turbo-Goose
425,MD 530F,MD 530F,/wiki/MD_530F
426,MD 520N,MD 520N,/wiki/MD_520N
427,MD Explorer,MD Explorer,/wiki/MD_Explorer
428,MD 900 Explorer,MD 900 Explorer,/wiki/MD_900_Explorer
429,MD 901 Explorer,MD 901 Explorer,/wiki/MD_901_Explorer
430,MD 902,MD 902,/wiki/MD_902
431,MH-90 Enforcer,MH-90 Enforcer,/wiki/MH-90_Enforcer
432,MD Combat Explorer,MD Combat Explorer,/wiki/MD_Combat_Explorer
433,MDG LD.26 Midgy-Club,MDG LD.26 Midgy-Club,/wiki/MDG_LD.26_Midgy-Club
434,MDG LD.261 Midgy-Club,MDG LD.261 Midgy-Club,/wiki/MDG_LD.261_Midgy-Club
435,Meadowlark Ultralight Meadowlark,Meadowlark Ultralight Meadowlark,/wiki/Meadowlark_Ultralight_Meadowlark
436,Meckler-Allen 1912 Biplane,Meckler-Allen 1912 Biplane,/wiki/Meckler-Allen_1912_Biplane
437,Medway Av8R,Medway Av8R,/wiki/Medway_Av8R
438,Medway EclipseR,Medway EclipseR,/wiki/Medway_EclipseR
439,Medway SLA100 Executive,Medway SLA100 Executive,/wiki/Medway_SLA100_Executive
440,Medwecki M9,Medwecki M9,/wiki/Medwecki_M9
441,Medwecki HL 2,Medwecki HL 2,/wiki/Medwecki_HL_2
442,Medwecki and Nowakowski M.N.5,Medwecki and Nowakowski M.N.5,/wiki/Medwecki_and_Nowakowski_M.N.5
443,Meger Heli-Star,Meger Heli-Star,/wiki/Meger_Heli-Star
444,Meggitt Banshee,Meggitt Banshee,/wiki/Meggitt_Banshee
445,MAC Mamba,MAC Mamba,/wiki/MAC_Mamba
446,Melody Aircraft Song,Melody Aircraft Song,/wiki/Melody_Aircraft_Song
447,Mentzel Baltic Fox,Mentzel Baltic Fox,/wiki/Mentzel_Baltic_Fox
448,Mentzel Baltic Fox Sea,Mentzel Baltic Fox Sea,/wiki/Mentzel_Baltic_Fox_Sea
449,Mercury Chic T-2,Mercury Chic T-2,/wiki/Mercury_Chic_T-2
450,Aerial Mercury Senior,Aerial Mercury Senior,/wiki/Aerial_Mercury_Senior
451,Aerial Kitten,Aerial Kitten,/wiki/Aerial_Kitten
452,Mercury Air Shoestring,Mercury Air Shoestring,/wiki/Mercury_Air_Shoestring
453,IMAM Ro.1,IMAM Ro.1,/wiki/IMAM_Ro.1
454,IMAM Ro.5,IMAM Ro.5,/wiki/IMAM_Ro.5
455,IMAM Ro.10,IMAM Ro.10,/wiki/IMAM_Ro.10
456,IMAM Ro.30,IMAM Ro.30,/wiki/IMAM_Ro.30
457,IMAM Ro.37,IMAM Ro.37,/wiki/IMAM_Ro.37
458,IMAM Ro.41,IMAM Ro.41,/wiki/IMAM_Ro.41
459,IMAM Ro.43,IMAM Ro.43,/wiki/IMAM_Ro.43
460,IMAM Ro.44,IMAM Ro.44,/wiki/IMAM_Ro.44
461,IMAM Ro.45,IMAM Ro.45,/wiki/IMAM_Ro.45
462,IMAM Ro.51,IMAM Ro.51,/wiki/IMAM_Ro.51
463,IMAM Ro.57,IMAM Ro.57,/wiki/IMAM_Ro.57
464,IMAM Ro.58,IMAM Ro.58,/wiki/IMAM_Ro.58
465,IMAM Ro.63,IMAM Ro.63,/wiki/IMAM_Ro.63
466,Meridionali/Agusta EMA 124,Meridionali/Agusta EMA 124,/wiki/Meridionali/Agusta_EMA_124
467,Merkel Mark II,Merkel Mark II,/wiki/Merkel_Mark_II
468,Merlin EZ,Merlin EZ,/wiki/Merlin_EZ
469,Merlin GT,Merlin GT,/wiki/Merlin_GT
470,Merville D.63,Merville D.63,/wiki/Merville_D.63
471,Merville SM.31,Merville SM.31,/wiki/Merville_SM.31
472,Messerschmitt M 35,Messerschmitt M 35,/wiki/Messerschmitt_M_35
473,Messerschmitt M 36,Messerschmitt M 36,/wiki/Messerschmitt_M_36
474,Messerschmitt Bf 108 Taifun,Messerschmitt Bf 108 Taifun,/wiki/Messerschmitt_Bf_108_Taifun
475,Messerschmitt Bf 109,Messerschmitt Bf 109,/wiki/Messerschmitt_Bf_109
476,Messerschmitt Bf 110,Messerschmitt Bf 110,/wiki/Messerschmitt_Bf_110
477,Messerschmitt Me 155,Messerschmitt Me 155,/wiki/Messerschmitt_Me_155
478,Messerschmitt Bf 161,Messerschmitt Bf 161,/wiki/Messerschmitt_Bf_161
479,Messerschmitt Bf 162 Jaguar,Messerschmitt Bf 162 Jaguar,/wiki/Messerschmitt_Bf_162_Jaguar
480,Messerschmitt Me 163 Komet,Messerschmitt Me 163 Komet,/wiki/Messerschmitt_Me_163_Komet
481,Messerschmitt Me 208,Messerschmitt Me 208,/wiki/Messerschmitt_Me_208
482,Messerschmitt Me 209 racer,Messerschmitt Me 209 racer,/wiki/Messerschmitt_Me_209_racer
483,Messerschmitt Me 209 fighter,Messerschmitt Me 209 fighter,/wiki/Messerschmitt_Me_209_fighter
484,Messerschmitt Me 210,Messerschmitt Me 210,/wiki/Messerschmitt_Me_210
485,Messerschmitt Me 261,Messerschmitt Me 261,/wiki/Messerschmitt_Me_261
486,Messerschmitt Me 262 Schwalbe,Messerschmitt Me 262 Schwalbe,/wiki/Messerschmitt_Me_262_Schwalbe
487,Messerschmitt Me 263,Messerschmitt Me 263,/wiki/Messerschmitt_Me_263
488,Messerschmitt Me 264,Messerschmitt Me 264,/wiki/Messerschmitt_Me_264
489,Messerschmitt Me 265,Messerschmitt Me 265,/wiki/Messerschmitt_Me_265
490,Messerschmitt Me 309,Messerschmitt Me 309,/wiki/Messerschmitt_Me_309
491,Messerschmitt Me 310,Messerschmitt Me 310,/wiki/Messerschmitt_Me_310
492,Messerschmitt Me 321 Gigant,Messerschmitt Me 321 Gigant,/wiki/Messerschmitt_Me_321_Gigant
493,Messerschmitt Me 323 Gigant,Messerschmitt Me 323 Gigant,/wiki/Messerschmitt_Me_323_Gigant
494,Messerschmitt Me 328,Messerschmitt Me 328,/wiki/Messerschmitt_Me_328
495,Messerschmitt Me 329,Messerschmitt Me 329,/wiki/Messerschmitt_Me_329
496,Messerschmitt Me 410 Hornisse,Messerschmitt Me 410 Hornisse,/wiki/Messerschmitt_Me_410_Hornisse
497,Messerschmitt Me 509,Messerschmitt Me 509,/wiki/Messerschmitt_Me_509
498,Messerschmitt Me 609,Messerschmitt Me 609,/wiki/Messerschmitt_Me_609
499,Messerschmitt C-44,Messerschmitt C-44,/wiki/Messerschmitt_C-44
500,Metal Aircraft Corporation Flamingo,Metal Aircraft Corporation Flamingo,/wiki/Metal_Aircraft_Corporation_Flamingo
501,Metal Aircraft Corp G-1 Flamingo,Metal Aircraft Corp G-1 Flamingo,/wiki/Metal_Aircraft_Corp_G-1_Flamingo
502,Metal Aircraft Corp G-2 Flamingo,Metal Aircraft Corp G-2 Flamingo,/wiki/Metal_Aircraft_Corp_G-2_Flamingo
503,Metal Aircraft Corp G-2 Flamingo,Metal Aircraft Corp G-2 Flamingo,/wiki/Metal_Aircraft_Corp_G-2_Flamingo
504,Metal Aircraft Corp G-2-W Flamingo,Metal Aircraft Corp G-2-W Flamingo,/wiki/Metal_Aircraft_Corp_G-2-W_Flamingo
505,Metal Aircraft Corp G-MT-6 Flamingo,Metal Aircraft Corp G-MT-6 Flamingo,/wiki/Metal_Aircraft_Corp_G-MT-6_Flamingo
506,Meteor FL.53,Meteor FL.53,/wiki/Meteor_FL.53
507,Meteor FL.54,Meteor FL.54,/wiki/Meteor_FL.54
508,Meteor FL.55,Meteor FL.55,/wiki/Meteor_FL.55
509,Meteor bis,Meteor bis,/wiki/Meteor_bis
510,Meteor Super,Meteor Super,/wiki/Meteor_Super
511,Meyer Little Toot,Meyer Little Toot,/wiki/Meyer_Little_Toot
512,Meyers Midget,Meyers Midget,/wiki/Meyers_Midget
513,Meyers OTW-160,Meyers OTW-160,/wiki/Meyers_OTW-160
514,Meyers MAC 125,Meyers MAC 125,/wiki/Meyers_MAC_125
515,Meyers MAC-145,Meyers MAC-145,/wiki/Meyers_MAC-145
516,Meyers Me-165W,Meyers Me-165W,/wiki/Meyers_Me-165W
517,MFI-9 Junior,MFI-9 Junior,/wiki/MFI-9_Junior
518,MFI-10 Vipan,MFI-10 Vipan,/wiki/MFI-10_Vipan
519,MFI BA-12 Sländan,MFI BA-12 Sländan,/wiki/MFI_BA-12_Sl%C3%A4ndan
520,Micro Aviation B22 Bantam,Micro Aviation B22 Bantam,/wiki/Micro_Aviation_B22_Bantam
521,Microjet 200,Microjet 200,/wiki/Microjet_200
522,Microleve Corsário,Microleve Corsário,/wiki/Microleve_Cors%C3%A1rio
523,Microleve P92 Echo,Microleve P92 Echo,/wiki/Microleve_P92_Echo
524,Microleve ML 450,Microleve ML 450,/wiki/Microleve_ML_450
525,Microleve ML-500 T,Microleve ML-500 T,/wiki/Microleve_ML-500_T
526,Microlight Aviation Vampire-MKI,Microlight Aviation Vampire-MKI,/wiki/Microlight_Aviation_Vampire-MKI
527,Micronautix Triton,Micronautix Triton,/wiki/Micronautix_Triton
528,Midwest Hornet,Midwest Hornet,/wiki/Midwest_Hornet
529,Midwest Questar Arrowstar,Midwest Questar Arrowstar,/wiki/Midwest_Questar_Arrowstar
530,Midwest Questar Open Aire,Midwest Questar Open Aire,/wiki/Midwest_Questar_Open_Aire
531,Midwest Questar Sport,Midwest Questar Sport,/wiki/Midwest_Questar_Sport
532,Midwest Questar XLS,Midwest Questar XLS,/wiki/Midwest_Questar_XLS
533,Midwest Zodiac Talon-Turbine,Midwest Zodiac Talon-Turbine,/wiki/Midwest_Zodiac_Talon-Turbine
534,Midwest Tomcat,Midwest Tomcat,/wiki/Midwest_Tomcat
535,Mignet HM.14,Mignet HM.14,/wiki/Mignet_HM.14
536,Mignet HM.16,Mignet HM.16,/wiki/Mignet_HM.16
537,Mignet HM.18,Mignet HM.18,/wiki/Mignet_HM.18
538,Mignet HM.19,Mignet HM.19,/wiki/Mignet_HM.19
539,Mignet HM.210,Mignet HM.210,/wiki/Mignet_HM.210
540,Mignet HM.280,Mignet HM.280,/wiki/Mignet_HM.280
541,Mignet HM.290,Mignet HM.290,/wiki/Mignet_HM.290
542,Mignet HM.293,Mignet HM.293,/wiki/Mignet_HM.293
543,Mignet HM.310 Estafette,Mignet HM.310 Estafette,/wiki/Mignet_HM.310_Estafette
544,Mignet HM.320,Mignet HM.320,/wiki/Mignet_HM.320
545,Mignet HM.330,Mignet HM.330,/wiki/Mignet_HM.330
546,Mignet HM.350,Mignet HM.350,/wiki/Mignet_HM.350
547,Mignet HM.351,Mignet HM.351,/wiki/Mignet_HM.351
548,Mignet HM.360,Mignet HM.360,/wiki/Mignet_HM.360
549,Mignet HM.380,Mignet HM.380,/wiki/Mignet_HM.380
550,Mignet HM.390,Mignet HM.390,/wiki/Mignet_HM.390
551,Mignet HM.1000 Balerit,Mignet HM.1000 Balerit,/wiki/Mignet_HM.1000_Balerit
552,Mignet HM.1100 Cordouan,Mignet HM.1100 Cordouan,/wiki/Mignet_HM.1100_Cordouan
553,Mikoyan Project 1.44,Mikoyan Project 1.44,/wiki/Mikoyan_Project_1.44
554,Mikoyan MiG-AT,Mikoyan MiG-AT,/wiki/Mikoyan_MiG-AT
555,Mikoyan MiG-110,Mikoyan MiG-110,/wiki/Mikoyan_MiG-110
556,Mikoyan-Gurevich MiG-1,Mikoyan-Gurevich MiG-1,/wiki/Mikoyan-Gurevich_MiG-1
557,Mikoyan-Gurevich MiG-2,Mikoyan-Gurevich MiG-2,/wiki/Mikoyan-Gurevich_MiG-2
558,Mikoyan-Gurevich MiG-3,Mikoyan-Gurevich MiG-3,/wiki/Mikoyan-Gurevich_MiG-3
559,Mikoyan-Gurevich MiG-5,Mikoyan-Gurevich MiG-5,/wiki/Mikoyan-Gurevich_MiG-5
560,Mikoyan-Gurevich MiG-6,Mikoyan-Gurevich MiG-6,/wiki/Mikoyan-Gurevich_MiG-6
561,Mikoyan-Gurevich MiG-7,Mikoyan-Gurevich MiG-7,/wiki/Mikoyan-Gurevich_MiG-7
562,Mikoyan-Gurevich MiG-8,Mikoyan-Gurevich MiG-8,/wiki/Mikoyan-Gurevich_MiG-8
563,Mikoyan-Gurevich MiG-9 (1st use),Mikoyan-Gurevich MiG-9 (1st use),/wiki/Mikoyan-Gurevich_MiG-9_(1st_use)
564,Mikoyan-Gurevich MiG-9,Mikoyan-Gurevich MiG-9,/wiki/Mikoyan-Gurevich_MiG-9
565,Mikoyan-Gurevich MiG-11,Mikoyan-Gurevich MiG-11,/wiki/Mikoyan-Gurevich_MiG-11
566,Mikoyan-Gurevich MiG-13,Mikoyan-Gurevich MiG-13,/wiki/Mikoyan-Gurevich_MiG-13
567,Mikoyan-Gurevich MiG-15,Mikoyan-Gurevich MiG-15,/wiki/Mikoyan-Gurevich_MiG-15
568,Mikoyan-Gurevich MiG-17,Mikoyan-Gurevich MiG-17,/wiki/Mikoyan-Gurevich_MiG-17
569,Mikoyan-Gurevich MiG-19,Mikoyan-Gurevich MiG-19,/wiki/Mikoyan-Gurevich_MiG-19
570,Mikoyan-Gurevich MiG-21,Mikoyan-Gurevich MiG-21,/wiki/Mikoyan-Gurevich_MiG-21
571,Mikoyan-Gurevich MiG-23 (2nd use),Mikoyan-Gurevich MiG-23 (2nd use),/wiki/Mikoyan-Gurevich_MiG-23_(2nd_use)
572,Mikoyan-Gurevich MiG-23 (3rd use),Mikoyan-Gurevich MiG-23 (3rd use),/wiki/Mikoyan-Gurevich_MiG-23_(3rd_use)
573,Mikoyan-Gurevich MiG-23PD,Mikoyan-Gurevich MiG-23PD,/wiki/Mikoyan-Gurevich_MiG-23PD
574,Mikoyan-Gurevich MiG-25,Mikoyan-Gurevich MiG-25,/wiki/Mikoyan-Gurevich_MiG-25
575,Mikoyan-Gurevich MiG-27,Mikoyan-Gurevich MiG-27,/wiki/Mikoyan-Gurevich_MiG-27
576,Mikoyan-Gurevich MiG-29,Mikoyan-Gurevich MiG-29,/wiki/Mikoyan-Gurevich_MiG-29
577,Mikoyan-Gurevich MiG-31,Mikoyan-Gurevich MiG-31,/wiki/Mikoyan-Gurevich_MiG-31
578,Mikoyan-Gurevich MiG-33,Mikoyan-Gurevich MiG-33,/wiki/Mikoyan-Gurevich_MiG-33
579,Mikoyan-Gurevich MiG-35,Mikoyan-Gurevich MiG-35,/wiki/Mikoyan-Gurevich_MiG-35
580,Mikoyan-Gurevich A,Mikoyan-Gurevich A,/wiki/Mikoyan-Gurevich_A
581,Mikoyan-Gurevich 2A,Mikoyan-Gurevich 2A,/wiki/Mikoyan-Gurevich_2A
582,Mikoyan-Gurevich 3A,Mikoyan-Gurevich 3A,/wiki/Mikoyan-Gurevich_3A
583,Mikoyan-Gurevich 4A,Mikoyan-Gurevich 4A,/wiki/Mikoyan-Gurevich_4A
584,Mikoyan-Gurevich 5A,Mikoyan-Gurevich 5A,/wiki/Mikoyan-Gurevich_5A
585,Mikoyan-Gurevich A-144,Mikoyan-Gurevich A-144,/wiki/Mikoyan-Gurevich_A-144
586,Mikoyan-Gurevich D,Mikoyan-Gurevich D,/wiki/Mikoyan-Gurevich_D
587,Mikoyan-Gurevich 2D,Mikoyan-Gurevich 2D,/wiki/Mikoyan-Gurevich_2D
588,Mikoyan-Gurevich DIS,Mikoyan-Gurevich DIS,/wiki/Mikoyan-Gurevich_DIS
589,Mikoyan-Gurevich DIS-200,Mikoyan-Gurevich DIS-200,/wiki/Mikoyan-Gurevich_DIS-200
590,Mikoyan-Gurevich F,Mikoyan-Gurevich F,/wiki/Mikoyan-Gurevich_F
591,Mikoyan-Gurevich FF,Mikoyan-Gurevich FF,/wiki/Mikoyan-Gurevich_FF
592,Mikoyan-Gurevich FK,Mikoyan-Gurevich FK,/wiki/Mikoyan-Gurevich_FK
593,Mikoyan-Gurevich FL,Mikoyan-Gurevich FL,/wiki/Mikoyan-Gurevich_FL
594,Mikoyan-Gurevich FN,Mikoyan-Gurevich FN,/wiki/Mikoyan-Gurevich_FN
595,Mikoyan-Gurevich FP,Mikoyan-Gurevich FP,/wiki/Mikoyan-Gurevich_FP
596,Mikoyan-Gurevich FR,Mikoyan-Gurevich FR,/wiki/Mikoyan-Gurevich_FR
597,Mikoyan-Gurevich FS,Mikoyan-Gurevich FS,/wiki/Mikoyan-Gurevich_FS
598,Mikoyan-Gurevich FT,Mikoyan-Gurevich FT,/wiki/Mikoyan-Gurevich_FT
599,Mikoyan-Gurevich I-3,Mikoyan-Gurevich I-3,/wiki/Mikoyan-Gurevich_I-3
600,Mikoyan-Gurevich I-7,Mikoyan-Gurevich I-7,/wiki/Mikoyan-Gurevich_I-7
601,Mikoyan-Gurevich I-75,Mikoyan-Gurevich I-75,/wiki/Mikoyan-Gurevich_I-75
602,Mikoyan-Gurevich I-200,Mikoyan-Gurevich I-200,/wiki/Mikoyan-Gurevich_I-200
603,Mikoyan-Gurevich I-210,Mikoyan-Gurevich I-210,/wiki/Mikoyan-Gurevich_I-210
604,Mikoyan-Gurevich I-211,Mikoyan-Gurevich I-211,/wiki/Mikoyan-Gurevich_I-211
605,Mikoyan-Gurevich I-220,Mikoyan-Gurevich I-220,/wiki/Mikoyan-Gurevich_I-220
606,Mikoyan-Gurevich I-221,Mikoyan-Gurevich I-221,/wiki/Mikoyan-Gurevich_I-221
607,Mikoyan-Gurevich I-222,Mikoyan-Gurevich I-222,/wiki/Mikoyan-Gurevich_I-222
608,Mikoyan-Gurevich I-224,Mikoyan-Gurevich I-224,/wiki/Mikoyan-Gurevich_I-224
609,Mikoyan-Gurevich I-225,Mikoyan-Gurevich I-225,/wiki/Mikoyan-Gurevich_I-225
610,Mikoyan-Gurevich I-230,Mikoyan-Gurevich I-230,/wiki/Mikoyan-Gurevich_I-230
611,Mikoyan-Gurevich I-231,Mikoyan-Gurevich I-231,/wiki/Mikoyan-Gurevich_I-231
612,Mikoyan-Gurevich I-250,Mikoyan-Gurevich I-250,/wiki/Mikoyan-Gurevich_I-250
613,Mikoyan-Gurevich I-270,Mikoyan-Gurevich I-270,/wiki/Mikoyan-Gurevich_I-270
614,Mikoyan-Gurevich I-300,Mikoyan-Gurevich I-300,/wiki/Mikoyan-Gurevich_I-300
615,Mikoyan-Gurevich I-301,Mikoyan-Gurevich I-301,/wiki/Mikoyan-Gurevich_I-301
616,Mikoyan-Gurevich I-302,Mikoyan-Gurevich I-302,/wiki/Mikoyan-Gurevich_I-302
617,Mikoyan-Gurevich I-305,Mikoyan-Gurevich I-305,/wiki/Mikoyan-Gurevich_I-305
618,Mikoyan-Gurevich I-307,Mikoyan-Gurevich I-307,/wiki/Mikoyan-Gurevich_I-307
619,Mikoyan-Gurevich I-308,Mikoyan-Gurevich I-308,/wiki/Mikoyan-Gurevich_I-308
620,Mikoyan-Gurevich I-310,Mikoyan-Gurevich I-310,/wiki/Mikoyan-Gurevich_I-310
621,Mikoyan-Gurevich I-312,Mikoyan-Gurevich I-312,/wiki/Mikoyan-Gurevich_I-312
622,Mikoyan-Gurevich I-320 (MiG-9),Mikoyan-Gurevich I-320 (MiG-9),/wiki/Mikoyan-Gurevich_I-320_(MiG-9)
623,Mikoyan-Gurevich I-320,Mikoyan-Gurevich I-320,/wiki/Mikoyan-Gurevich_I-320
624,Mikoyan-Gurevich I-330,Mikoyan-Gurevich I-330,/wiki/Mikoyan-Gurevich_I-330
625,Mikoyan-Gurevich I-340,Mikoyan-Gurevich I-340,/wiki/Mikoyan-Gurevich_I-340
626,Mikoyan-Gurevich I-350,Mikoyan-Gurevich I-350,/wiki/Mikoyan-Gurevich_I-350
627,Mikoyan-Gurevich I-360,Mikoyan-Gurevich I-360,/wiki/Mikoyan-Gurevich_I-360
628,Mikoyan-Gurevich I-500,Mikoyan-Gurevich I-500,/wiki/Mikoyan-Gurevich_I-500
629,Mikoyan-Gurevich IP-201,Mikoyan-Gurevich IP-201,/wiki/Mikoyan-Gurevich_IP-201
630,Mikoyan-Gurevich IKh,Mikoyan-Gurevich IKh,/wiki/Mikoyan-Gurevich_IKh
631,Mikoyan-Gurevich ISh,Mikoyan-Gurevich ISh,/wiki/Mikoyan-Gurevich_ISh
632,Mikoyan-Gurevich IT,Mikoyan-Gurevich IT,/wiki/Mikoyan-Gurevich_IT
633,Mikoyan-Gurevich Kh,Mikoyan-Gurevich Kh,/wiki/Mikoyan-Gurevich_Kh
634,Mikoyan-Gurevich KhS,Mikoyan-Gurevich KhS,/wiki/Mikoyan-Gurevich_KhS
635,Mikoyan-Gurevich M-15,Mikoyan-Gurevich M-15,/wiki/Mikoyan-Gurevich_M-15
636,Mikoyan-Gurevich M-17,Mikoyan-Gurevich M-17,/wiki/Mikoyan-Gurevich_M-17
637,Mikoyan-Gurevich M-19,Mikoyan-Gurevich M-19,/wiki/Mikoyan-Gurevich_M-19
638,Mikoyan-Gurevich M-21,Mikoyan-Gurevich M-21,/wiki/Mikoyan-Gurevich_M-21
639,Mikoyan-Gurevich N,Mikoyan-Gurevich N,/wiki/Mikoyan-Gurevich_N
640,Mikoyan-Gurevich R,Mikoyan-Gurevich R,/wiki/Mikoyan-Gurevich_R
641,Mikoyan-Gurevich S,Mikoyan-Gurevich S,/wiki/Mikoyan-Gurevich_S
642,Mikoyan-Gurevich SA,Mikoyan-Gurevich SA,/wiki/Mikoyan-Gurevich_SA
643,Mikoyan-Gurevich Samolyot Ye,Mikoyan-Gurevich Samolyot Ye,/wiki/Mikoyan-Gurevich_Samolyot_Ye
644,Mikoyan-Gurevich SD,Mikoyan-Gurevich SD,/wiki/Mikoyan-Gurevich_SD
645,Mikoyan-Gurevich SDK,Mikoyan-Gurevich SDK,/wiki/Mikoyan-Gurevich_SDK
646,Mikoyan-Gurevich SF,Mikoyan-Gurevich SF,/wiki/Mikoyan-Gurevich_SF
647,Mikoyan-Gurevich SG,Mikoyan-Gurevich SG,/wiki/Mikoyan-Gurevich_SG
648,Mikoyan-Gurevich SI,Mikoyan-Gurevich SI,/wiki/Mikoyan-Gurevich_SI
649,Mikoyan-Gurevich SL,Mikoyan-Gurevich SL,/wiki/Mikoyan-Gurevich_SL
650,Mikoyan-Gurevich SM-1,Mikoyan-Gurevich SM-1,/wiki/Mikoyan-Gurevich_SM-1
651,Mikoyan-Gurevich SMR,Mikoyan-Gurevich SMR,/wiki/Mikoyan-Gurevich_SMR
652,Mikoyan-Gurevich SN,Mikoyan-Gurevich SN,/wiki/Mikoyan-Gurevich_SN
653,Mikoyan-Gurevich SO,Mikoyan-Gurevich SO,/wiki/Mikoyan-Gurevich_SO
654,Mikoyan-Gurevich SP-1,Mikoyan-Gurevich SP-1,/wiki/Mikoyan-Gurevich_SP-1
655,Mikoyan-Gurevich SP,Mikoyan-Gurevich SP,/wiki/Mikoyan-Gurevich_SP
656,Mikoyan-Gurevich SR,Mikoyan-Gurevich SR,/wiki/Mikoyan-Gurevich_SR
657,Mikoyan-Gurevich SSh,Mikoyan-Gurevich SSh,/wiki/Mikoyan-Gurevich_SSh
658,Mikoyan-Gurevich ST,Mikoyan-Gurevich ST,/wiki/Mikoyan-Gurevich_ST
659,Mikoyan-Gurevich SU,Mikoyan-Gurevich SU,/wiki/Mikoyan-Gurevich_SU
660,Mikoyan-Gurevich SV,Mikoyan-Gurevich SV,/wiki/Mikoyan-Gurevich_SV
661,Mikoyan-Gurevich SYa,Mikoyan-Gurevich SYa,/wiki/Mikoyan-Gurevich_SYa
662,Mikoyan-Gurevich SYe,Mikoyan-Gurevich SYe,/wiki/Mikoyan-Gurevich_SYe
663,Mikoyan-Gurevich T,Mikoyan-Gurevich T,/wiki/Mikoyan-Gurevich_T
664,Mikoyan-Gurevich Ye-4,Mikoyan-Gurevich Ye-4,/wiki/Mikoyan-Gurevich_Ye-4
665,Mikoyan-Gurevich Ye-5,Mikoyan-Gurevich Ye-5,/wiki/Mikoyan-Gurevich_Ye-5
666,Mikoyan-Gurevich Ye-6,Mikoyan-Gurevich Ye-6,/wiki/Mikoyan-Gurevich_Ye-6
667,Mikoyan-Gurevich Ye-7,Mikoyan-Gurevich Ye-7,/wiki/Mikoyan-Gurevich_Ye-7
668,Mikoyan-Gurevich Ye-8,Mikoyan-Gurevich Ye-8,/wiki/Mikoyan-Gurevich_Ye-8
669,Mikoyan-Gurevich Ye-33,Mikoyan-Gurevich Ye-33,/wiki/Mikoyan-Gurevich_Ye-33
670,Mikoyan-Gurevich Ye-50,Mikoyan-Gurevich Ye-50,/wiki/Mikoyan-Gurevich_Ye-50
671,Mikoyan-Gurevich Ye-66,Mikoyan-Gurevich Ye-66,/wiki/Mikoyan-Gurevich_Ye-66
672,Mikoyan-Gurevich Ye-150,Mikoyan-Gurevich Ye-150,/wiki/Mikoyan-Gurevich_Ye-150
673,Mikoyan-Gurevich Ye-151,Mikoyan-Gurevich Ye-151,/wiki/Mikoyan-Gurevich_Ye-151
674,Mikoyan-Gurevich Ye-152,Mikoyan-Gurevich Ye-152,/wiki/Mikoyan-Gurevich_Ye-152
675,Mikoyan-Gurevich Ye-152A,Mikoyan-Gurevich Ye-152A,/wiki/Mikoyan-Gurevich_Ye-152A
676,Mikoyan-Gurevich Ye-152M,Mikoyan-Gurevich Ye-152M,/wiki/Mikoyan-Gurevich_Ye-152M
677,Mikoyan-Gurevich Ye-152P,Mikoyan-Gurevich Ye-152P,/wiki/Mikoyan-Gurevich_Ye-152P
678,Mikoyan-Gurevich Ye-155,Mikoyan-Gurevich Ye-155,/wiki/Mikoyan-Gurevich_Ye-155
679,Mikoyan-Gurevich Ye-166,Mikoyan-Gurevich Ye-166,/wiki/Mikoyan-Gurevich_Ye-166
680,Mikoyan-Gurevich Ye-266,Mikoyan-Gurevich Ye-266,/wiki/Mikoyan-Gurevich_Ye-266
681,Mikoyan-Gurevich Zh,Mikoyan-Gurevich Zh,/wiki/Mikoyan-Gurevich_Zh
682,Mikoyan-Gurevich 1.42,Mikoyan-Gurevich 1.42,/wiki/Mikoyan-Gurevich_1.42
683,Mikoyan-Gurevich 1.44,Mikoyan-Gurevich 1.44,/wiki/Mikoyan-Gurevich_1.44
684,Mikoyan MiG-AT,Mikoyan MiG-AT,/wiki/Mikoyan_MiG-AT
685,Mil A-10,Mil A-10,/wiki/Mil_A-10
686,Mil Mi-1,Mil Mi-1,/wiki/Mil_Mi-1
687,Mil Mi-2,Mil Mi-2,/wiki/Mil_Mi-2
688,Mil Mi-4,Mil Mi-4,/wiki/Mil_Mi-4
689,Mil Mi-6,Mil Mi-6,/wiki/Mil_Mi-6
690,Mil Mi-8,Mil Mi-8,/wiki/Mil_Mi-8
691,Mil Mi-9,Mil Mi-9,/wiki/Mil_Mi-9
692,Mil Mi-10,Mil Mi-10,/wiki/Mil_Mi-10
693,Mil Mi-14,Mil Mi-14,/wiki/Mil_Mi-14
694,Mil Mi-17,Mil Mi-17,/wiki/Mil_Mi-17
695,Mil Mi-18,Mil Mi-18,/wiki/Mil_Mi-18
696,Mil Mi-24,Mil Mi-24,/wiki/Mil_Mi-24
697,Mil Mi-26,Mil Mi-26,/wiki/Mil_Mi-26
698,Mil Mi-28,Mil Mi-28,/wiki/Mil_Mi-28
699,Mil Mi-30,Mil Mi-30,/wiki/Mil_Mi-30
700,Mil Mi-34,Mil Mi-34,/wiki/Mil_Mi-34
701,Mil Mi-36,Mil Mi-36,/wiki/Mil_Mi-36
702,Mil Mi-38,Mil Mi-38,/wiki/Mil_Mi-38
703,Mil Mi-42,Mil Mi-42,/wiki/Mil_Mi-42
704,Mil Mi-54,Mil Mi-54,/wiki/Mil_Mi-54
705,Mil Mi-58,Mil Mi-58,/wiki/Mil_Mi-58
706,Mil Mi-60,Mil Mi-60,/wiki/Mil_Mi-60
707,Mil V-5,Mil V-5,/wiki/Mil_V-5
708,Mil V-7,Mil V-7,/wiki/Mil_V-7
709,Mil V-12,Mil V-12,/wiki/Mil_V-12
710,Mil V-16,Mil V-16,/wiki/Mil_V-16
711,Mil Mi-X1,Mil Mi-X1,/wiki/Mil_Mi-X1
712,Southern Martlet,Southern Martlet,/wiki/Southern_Martlet
713,Metal Martlet,Metal Martlet,/wiki/Metal_Martlet
714,Miles M.1 Satyr,Miles M.1 Satyr,/wiki/Miles_M.1_Satyr
715,Miles M.2 Hawk,Miles M.2 Hawk,/wiki/Miles_M.2_Hawk
716,Miles M.2 Hawk Trainer,Miles M.2 Hawk Trainer,/wiki/Miles_M.2_Hawk_Trainer
717,Miles M.2 Hawk Major,Miles M.2 Hawk Major,/wiki/Miles_M.2_Hawk_Major
718,Miles M.3A Falcon Major,Miles M.3A Falcon Major,/wiki/Miles_M.3A_Falcon_Major
719,Miles M.3B Falcon Six,Miles M.3B Falcon Six,/wiki/Miles_M.3B_Falcon_Six
720,Miles M.4 Merlin,Miles M.4 Merlin,/wiki/Miles_M.4_Merlin
721,Miles M.5 Sparrowhawk,Miles M.5 Sparrowhawk,/wiki/Miles_M.5_Sparrowhawk
722,Miles M.6 Hawcon,Miles M.6 Hawcon,/wiki/Miles_M.6_Hawcon
723,Miles M.7 Nighthawk,Miles M.7 Nighthawk,/wiki/Miles_M.7_Nighthawk
724,Miles M.8 Peregrine,Miles M.8 Peregrine,/wiki/Miles_M.8_Peregrine
725,Miles M.9 Kestrel,Miles M.9 Kestrel,/wiki/Miles_M.9_Kestrel
726,Miles M.9A Master,Miles M.9A Master,/wiki/Miles_M.9A_Master
727,Miles M.11 Whitney Straight,Miles M.11 Whitney Straight,/wiki/Miles_M.11_Whitney_Straight
728,Miles M.11C,Miles M.11C,/wiki/Miles_M.11C
729,Miles M.12 Mohawk,Miles M.12 Mohawk,/wiki/Miles_M.12_Mohawk
730,Miles M.13 Hobby,Miles M.13 Hobby,/wiki/Miles_M.13_Hobby
731,Miles M.14 Magister,Miles M.14 Magister,/wiki/Miles_M.14_Magister
732,Miles M.14 Hawk Trainer III,Miles M.14 Hawk Trainer III,/wiki/Miles_M.14_Hawk_Trainer_III
733,Miles M.15 Trainer,Miles M.15 Trainer,/wiki/Miles_M.15_Trainer
734,Miles M.16 Mentor,Miles M.16 Mentor,/wiki/Miles_M.16_Mentor
735,Miles M.17 Monarch,Miles M.17 Monarch,/wiki/Miles_M.17_Monarch
736,Miles M.18,Miles M.18,/wiki/Miles_M.18
737,Miles M.19 Master II,Miles M.19 Master II,/wiki/Miles_M.19_Master_II
738,Miles M.20,Miles M.20,/wiki/Miles_M.20
739,Miles M.24 Master Fighter,Miles M.24 Master Fighter,/wiki/Miles_M.24_Master_Fighter
740,Miles Martinet,Miles Martinet,/wiki/Miles_Martinet
741,Miles M.26,Miles M.26,/wiki/Miles_M.26
742,Miles M.27 Master III,Miles M.27 Master III,/wiki/Miles_M.27_Master_III
743,Miles M.28 Mercury,Miles M.28 Mercury,/wiki/Miles_M.28_Mercury
744,Miles M.30,Miles M.30,/wiki/Miles_M.30
745,Miles M.33 Monitor,Miles M.33 Monitor,/wiki/Miles_M.33_Monitor
746,Miles M.35 Libellula,Miles M.35 Libellula,/wiki/Miles_M.35_Libellula
747,Miles M.37 Martinet Trainer,Miles M.37 Martinet Trainer,/wiki/Miles_M.37_Martinet_Trainer
748,Miles M.38 Messenger,Miles M.38 Messenger,/wiki/Miles_M.38_Messenger
749,Miles M.39B Libellula,Miles M.39B Libellula,/wiki/Miles_M.39B_Libellula
750,Miles M.50 Queen Martinet,Miles M.50 Queen Martinet,/wiki/Miles_M.50_Queen_Martinet
751,Miles M.52,Miles M.52,/wiki/Miles_M.52
752,Miles M.57 Aerovan,Miles M.57 Aerovan,/wiki/Miles_M.57_Aerovan
753,Miles M.60 Marathon,Miles M.60 Marathon,/wiki/Miles_M.60_Marathon
754,Miles M.64 L.R.5,Miles M.64 L.R.5,/wiki/Miles_M.64_L.R.5
755,Miles M.65 Gemini,Miles M.65 Gemini,/wiki/Miles_M.65_Gemini
756,Miles M.68,Miles M.68,/wiki/Miles_M.68
757,Miles M.69 Marathon II,Miles M.69 Marathon II,/wiki/Miles_M.69_Marathon_II
758,Miles M.71 Merchantman,Miles M.71 Merchantman,/wiki/Miles_M.71_Merchantman
759,Miles M.75 Aries,Miles M.75 Aries,/wiki/Miles_M.75_Aries
760,Miles M.76,Miles M.76,/wiki/Miles_M.76
761,Miles M.77 Sparrowjet,Miles M.77 Sparrowjet,/wiki/Miles_M.77_Sparrowjet
762,Miles M.100 Student,Miles M.100 Student,/wiki/Miles_M.100_Student
763,Miles M.218,Miles M.218,/wiki/Miles_M.218
764,Miles M.242,Miles M.242,/wiki/Miles_M.242
765,HDM.105,HDM.105,/wiki/HDM.105
766,Miles & Atwood Special,Miles & Atwood Special,/wiki/Miles_%26_Atwood_Special
767,Milholland Legal Eagle,Milholland Legal Eagle,/wiki/Milholland_Legal_Eagle
768,Military Aircraft HM-1,Military Aircraft HM-1,/wiki/Military_Aircraft_HM-1
769,Militi M.B.1,Militi M.B.1,/wiki/Militi_M.B.1
770,Militi M.B.2 Leonardo,Militi M.B.2 Leonardo,/wiki/Militi_M.B.2_Leonardo
771,Militky-Brditschka MB-E1,Militky-Brditschka MB-E1,/wiki/Militky-Brditschka_MB-E1
772,Millennium Master,Millennium Master,/wiki/Millennium_Master
773,Millennium MH-1,Millennium MH-1,/wiki/Millennium_MH-1
774,Miller Lil' Rascal,Miller Lil' Rascal,/wiki/Miller_Lil%27_Rascal
775,Miller Red Bare-un,Miller Red Bare-un,/wiki/Miller_Red_Bare-un
776,Miller HM-2,Miller HM-2,/wiki/Miller_HM-2
777,Miller MAC-1,Miller MAC-1,/wiki/Miller_MAC-1
778,Miller JM-2,Miller JM-2,/wiki/Miller_JM-2
779,Miller WM-2,Miller WM-2,/wiki/Miller_WM-2
780,Miller-Bohannon JM-2 Pushy Galore,Miller-Bohannon JM-2 Pushy Galore,/wiki/Miller-Bohannon_JM-2_Pushy_Galore
781,Millet Lagarde ML-10,Millet Lagarde ML-10,/wiki/Millet_Lagarde_ML-10
782,Millicer M10 AirTourer,Millicer M10 AirTourer,/wiki/Millicer_M10_AirTourer
783,Mini-Fly Set,Mini-Fly Set,/wiki/Mini-Fly_Set
784,Mini-Hawk Tiger-Hawk,Mini-Hawk Tiger-Hawk,/wiki/Mini-Hawk_Tiger-Hawk
785,Minty Skyhook Mini Chopper,Minty Skyhook Mini Chopper,/wiki/Minty_Skyhook_Mini_Chopper
786,MIP Smyk,MIP Smyk,/wiki/MIP_Smyk
787,Mirage Celerity,Mirage Celerity,/wiki/Mirage_Celerity
788,Mirage Marathon,Mirage Marathon,/wiki/Mirage_Marathon
789,Mississippi AZ-1 Marvelette,Mississippi AZ-1 Marvelette,/wiki/Mississippi_AZ-1_Marvelette
790,Mississippi V-11 Marvel,Mississippi V-11 Marvel,/wiki/Mississippi_V-11_Marvel
791,Mississippi MA-18B Marvelette,Mississippi MA-18B Marvelette,/wiki/Mississippi_MA-18B_Marvelette
792,MSU-Honda MH-02,MSU-Honda MH-02,/wiki/MSU-Honda_MH-02
793,MIT Daedalus,MIT Daedalus,/wiki/MIT_Daedalus
794,MIT Light Eagle,MIT Light Eagle,/wiki/MIT_Light_Eagle
795,MIT Daedalus 87,MIT Daedalus 87,/wiki/MIT_Daedalus_87
796,MIT Daedalus 88,MIT Daedalus 88,/wiki/MIT_Daedalus_88
797,MIT Monarch,MIT Monarch,/wiki/MIT_Monarch
798,MIT Monarch-B,MIT Monarch-B,/wiki/MIT_Monarch-B
799,MIT Chrysalis,MIT Chrysalis,/wiki/MIT_Chrysalis
800,AmeriPlanes Mitchell Wing A-10,Mitchell Wing A-10,/wiki/AmeriPlanes_Mitchell_Wing_A-10
801,Mitchell Wing B-10,Mitchell Wing B-10,/wiki/Mitchell_Wing_B-10
802,Mitchell U-2 Superwing,Mitchell U-2 Superwing,/wiki/Mitchell_U-2_Superwing
803,Mitchell Wing P-38,Mitchell Wing P-38,/wiki/Mitchell_Wing_P-38
804,Mitchell Kitalina,Mitchell Kitalina,/wiki/Mitchell_Kitalina
805,Mitsubishi 1MF1,Mitsubishi 1MF1,/wiki/Mitsubishi_1MF1
806,Mitsubishi 1MF1A,Mitsubishi 1MF1A,/wiki/Mitsubishi_1MF1A
807,Mitsubishi 1MF2,Mitsubishi 1MF2,/wiki/Mitsubishi_1MF2
808,Mitsubishi 1MF3,Mitsubishi 1MF3,/wiki/Mitsubishi_1MF3
809,Mitsubishi 1MF4,Mitsubishi 1MF4,/wiki/Mitsubishi_1MF4
810,Mitsubishi 1MF5A,Mitsubishi 1MF5A,/wiki/Mitsubishi_1MF5A
811,Mitsubishi 1MF9,Mitsubishi 1MF9,/wiki/Mitsubishi_1MF9
812,Mitsubishi 1MF10,Mitsubishi 1MF10,/wiki/Mitsubishi_1MF10
813,Mitsubishi 1MT,Mitsubishi 1MT,/wiki/Mitsubishi_1MT
814,Mitsubishi 2MB1,Mitsubishi 2MB1,/wiki/Mitsubishi_2MB1
815,Mitsubishi 2MB2,Mitsubishi 2MB2,/wiki/Mitsubishi_2MB2
816,Mitsubishi 2MR,Mitsubishi 2MR,/wiki/Mitsubishi_2MR
817,Mitsubishi 2MR7,Mitsubishi 2MR7,/wiki/Mitsubishi_2MR7
818,Mitsubishi 2MR8,Mitsubishi 2MR8,/wiki/Mitsubishi_2MR8
819,Mitsubishi 2MRT,Mitsubishi 2MRT,/wiki/Mitsubishi_2MRT
820,Mitsubishi 2MT,Mitsubishi 2MT,/wiki/Mitsubishi_2MT
821,Mitsubishi 3MR,Mitsubishi 3MR,/wiki/Mitsubishi_3MR
822,Mitsubishi 3MT5,Mitsubishi 3MT5,/wiki/Mitsubishi_3MT5
823,Mitsubishi 4MS1,Mitsubishi 4MS1,/wiki/Mitsubishi_4MS1
824,Mitsubishi Ka-8,Mitsubishi Ka-8,/wiki/Mitsubishi_Ka-8
825,Mitsubishi Ka-9,Mitsubishi Ka-9,/wiki/Mitsubishi_Ka-9
826,Mitsubishi Ka-14,Mitsubishi Ka-14,/wiki/Mitsubishi_Ka-14
827,Mitsubishi ATD-X,Mitsubishi ATD-X,/wiki/Mitsubishi_ATD-X
828,Mitsubishi F-1,Mitsubishi F-1,/wiki/Mitsubishi_F-1
829,Mitsubishi F-2,Mitsubishi F-2,/wiki/Mitsubishi_F-2
830,Mitsubishi X-2 Shinshin,Mitsubishi X-2 Shinshin,/wiki/Mitsubishi_X-2_Shinshin
831,Mitsubishi H-60,Mitsubishi H-60,/wiki/Mitsubishi_H-60
832,Mitsubishi MC-1,Mitsubishi MC-1,/wiki/Mitsubishi_MC-1
833,Mitsubishi MC-20,Mitsubishi MC-20,/wiki/Mitsubishi_MC-20
834,Mitsubishi MH2000,Mitsubishi MH2000,/wiki/Mitsubishi_MH2000
835,Mitsubishi Hinazuru,Mitsubishi Hinazuru,/wiki/Mitsubishi_Hinazuru
836,Mitsubishi Ohtori,Mitsubishi Ohtori,/wiki/Mitsubishi_Ohtori
837,Mitsubishi Regional Jet,Mitsubishi Regional Jet,/wiki/Mitsubishi_Regional_Jet
838,Mitsubishi MU-2,Mitsubishi MU-2,/wiki/Mitsubishi_MU-2
839,Mitsubishi Mu-300,Mitsubishi Mu-300,/wiki/Mitsubishi_Mu-300
840,Mitsubishi RP-1,Mitsubishi RP-1,/wiki/Mitsubishi_RP-1
841,Mitsubishi SX-3,Mitsubishi SX-3,/wiki/Mitsubishi_SX-3
842,Mitsubishi T-2,Mitsubishi T-2,/wiki/Mitsubishi_T-2
843,Mitsubishi A5M,Mitsubishi A5M,/wiki/Mitsubishi_A5M
844,Mitsubishi A6M Zero,Mitsubishi A6M Zero,/wiki/Mitsubishi_A6M_Zero
845,Mitsubishi A7M,Mitsubishi A7M,/wiki/Mitsubishi_A7M
846,Mitsubishi A7M3-J,Mitsubishi A7M3-J,/wiki/Mitsubishi_A7M3-J
847,Mitsubishi B1M,Mitsubishi B1M,/wiki/Mitsubishi_B1M
848,Mitsubishi B2M,Mitsubishi B2M,/wiki/Mitsubishi_B2M
849,Mitsubishi B5M,Mitsubishi B5M,/wiki/Mitsubishi_B5M
850,Mitsubishi C1M,Mitsubishi C1M,/wiki/Mitsubishi_C1M
851,Mitsubishi C5M,Mitsubishi C5M,/wiki/Mitsubishi_C5M
852,Mitsubishi F1M,Mitsubishi F1M,/wiki/Mitsubishi_F1M
853,Mitsubishi G1M,Mitsubishi G1M,/wiki/Mitsubishi_G1M
854,Mitsubishi G3M,Mitsubishi G3M,/wiki/Mitsubishi_G3M
855,Mitsubishi G4M,Mitsubishi G4M,/wiki/Mitsubishi_G4M
856,Mitsubishi G6M,Mitsubishi G6M,/wiki/Mitsubishi_G6M
857,Mitsubishi G7M,Mitsubishi G7M,/wiki/Mitsubishi_G7M
858,Mitsubishi J2M,Mitsubishi J2M,/wiki/Mitsubishi_J2M
859,Mitsubishi J4M,Mitsubishi J4M,/wiki/Mitsubishi_J4M
860,Mitsubishi J8M,Mitsubishi J8M,/wiki/Mitsubishi_J8M
861,Mitsubishi K3M,Mitsubishi K3M,/wiki/Mitsubishi_K3M
862,Mitsubishi K7M,Mitsubishi K7M,/wiki/Mitsubishi_K7M
863,Mitsubishi L4M,Mitsubishi L4M,/wiki/Mitsubishi_L4M
864,Mitsubishi Q2M,Mitsubishi Q2M,/wiki/Mitsubishi_Q2M
865,Mitsubishi Ki-1,Mitsubishi Ki-1,/wiki/Mitsubishi_Ki-1
866,Mitsubishi Ki-2,Mitsubishi Ki-2,/wiki/Mitsubishi_Ki-2
867,Mitsubishi Ki-7,Mitsubishi Ki-7,/wiki/Mitsubishi_Ki-7
868,Mitsubishi Ki-14,Mitsubishi Ki-14,/wiki/Mitsubishi_Ki-14
869,Mitsubishi Ki-15,Mitsubishi Ki-15,/wiki/Mitsubishi_Ki-15
870,Mitsubishi Ki-18,Mitsubishi Ki-18,/wiki/Mitsubishi_Ki-18
871,Mitsubishi Ki-20,Mitsubishi Ki-20,/wiki/Mitsubishi_Ki-20
872,Mitsubishi Ki-21,Mitsubishi Ki-21,/wiki/Mitsubishi_Ki-21
873,Mitsubishi Ki-30,Mitsubishi Ki-30,/wiki/Mitsubishi_Ki-30
874,Mitsubishi Ki-33,Mitsubishi Ki-33,/wiki/Mitsubishi_Ki-33
875,Mitsubishi Ki-46,Mitsubishi Ki-46,/wiki/Mitsubishi_Ki-46
876,Mitsubishi Ki-51,Mitsubishi Ki-51,/wiki/Mitsubishi_Ki-51
877,Mitsubishi Ki-57,Mitsubishi Ki-57,/wiki/Mitsubishi_Ki-57
878,Mitsubishi Ki-67,Mitsubishi Ki-67,/wiki/Mitsubishi_Ki-67
879,Mitsubishi Ki-83,Mitsubishi Ki-83,/wiki/Mitsubishi_Ki-83
880,Mitsubishi Ki-95,Mitsubishi Ki-95,/wiki/Mitsubishi_Ki-95
881,Mitsubishi Ki-97,Mitsubishi Ki-97,/wiki/Mitsubishi_Ki-97
882,Mitsubishi Ki-103,Mitsubishi Ki-103,/wiki/Mitsubishi_Ki-103
883,Mitsubishi Ki-109,Mitsubishi Ki-109,/wiki/Mitsubishi_Ki-109
884,Mitsubishi Ki-112,Mitsubishi Ki-112,/wiki/Mitsubishi_Ki-112
885,Mitsubishi Ki-200,Mitsubishi Ki-200,/wiki/Mitsubishi_Ki-200
886,Mitsubishi Ki-202,Mitsubishi Ki-202,/wiki/Mitsubishi_Ki-202
887,Mitsubishi Experimental Type R.2,Mitsubishi Experimental Type R.2,/wiki/Mitsubishi_Experimental_Type_R.2
888,Mitsubishi Experimental Taka-type Carrier Fighter,Mitsubishi Experimental Taka-type Carrier Fighter,/wiki/Mitsubishi_Experimental_Taka-type_Carrier_Fighter
889,Mitsubishi Experimental Washi-type Light Bomber,Mitsubishi Experimental Washi-type Light Bomber,/wiki/Mitsubishi_Experimental_Washi-type_Light_Bomber
890,Mitsubishi Experimental Special-purpose Carrier Reconnaissance Aircraft,Mitsubishi Experimental Special-purpose Carrier Reconnaissance Aircraft,/wiki/Mitsubishi_Experimental_Special-purpose_Carrier_Reconnaissance_Aircraft
891,Mitsubishi Army Experimental 9-shi Fighter,Mitsubishi Army Experimental 9-shi Fighter,/wiki/Mitsubishi_Army_Experimental_9-shi_Fighter
892,Mitsubishi Army Type 87 Light Bomber,Mitsubishi Army Type 87 Light Bomber,/wiki/Mitsubishi_Army_Type_87_Light_Bomber
893,Mitsubishi Army Type 92 Heavy Bomber,Mitsubishi Army Type 92 Heavy Bomber,/wiki/Mitsubishi_Army_Type_92_Heavy_Bomber
894,Mitsubishi Army Type 92 Reconnaissance Aircraft,Mitsubishi Army Type 92 Reconnaissance Aircraft,/wiki/Mitsubishi_Army_Type_92_Reconnaissance_Aircraft
895,Mitsubishi Army Type 93-1 Heavy Bomber,Mitsubishi Army Type 93-1 Heavy Bomber,/wiki/Mitsubishi_Army_Type_93-1_Heavy_Bomber
896,Mitsubishi Army Type 93-2 Heavy Bomber,Mitsubishi Army Type 93-2 Heavy Bomber,/wiki/Mitsubishi_Army_Type_93-2_Heavy_Bomber
897,Mitsubishi Army Type 93-1 Twin-engine Light Bomber,Mitsubishi Army Type 93-1 Twin-engine Light Bomber,/wiki/Mitsubishi_Army_Type_93-1_Twin-engine_Light_Bomber
898,Mitsubishi Army Type 93-2 Twin-engined Light Bomber,Mitsubishi Army Type 93-2 Twin-engined Light Bomber,/wiki/Mitsubishi_Army_Type_93-2_Twin-engined_Light_Bomber
899,Mitsubishi Army Type 97 Reconnaissance Aircraft,Mitsubishi Army Type 97 Reconnaissance Aircraft,/wiki/Mitsubishi_Army_Type_97_Reconnaissance_Aircraft
900,Mitsubishi Army Type 97 Heavy Bomber,Mitsubishi Army Type 97 Heavy Bomber,/wiki/Mitsubishi_Army_Type_97_Heavy_Bomber
901,Mitsubishi Army Type 97 Light Bomber,Mitsubishi Army Type 97 Light Bomber,/wiki/Mitsubishi_Army_Type_97_Light_Bomber
902,Mitsubishi Army Type 99 Assault Aircraft,Mitsubishi Army Type 99 Assault Aircraft,/wiki/Mitsubishi_Army_Type_99_Assault_Aircraft
903,Mitsubishi Army Type 100 Transport Aircraft,Mitsubishi Army Type 100 Transport Aircraft,/wiki/Mitsubishi_Army_Type_100_Transport_Aircraft
904,Mitsubishi Army Type 100 Command Reconnaissance Aircraft,Mitsubishi Army Type 100 Command Reconnaissance Aircraft,/wiki/Mitsubishi_Army_Type_100_Command_Reconnaissance_Aircraft
905,Mitsubishi Army Type 100 Operations Trainer,Mitsubishi Army Type 100 Operations Trainer,/wiki/Mitsubishi_Army_Type_100_Operations_Trainer
906,Mitsubishi Army Type 100 Air Defence Fighter,Mitsubishi Army Type 100 Air Defence Fighter,/wiki/Mitsubishi_Army_Type_100_Air_Defence_Fighter
907,Mitsubishi Army Type 100 Assault Aircraft,Mitsubishi Army Type 100 Assault Aircraft,/wiki/Mitsubishi_Army_Type_100_Assault_Aircraft
908,Mitsubishi Army Type 4 Heavy Bomber,Mitsubishi Army Type 4 Heavy Bomber,/wiki/Mitsubishi_Army_Type_4_Heavy_Bomber
909,Mitsubishi Army Type 4 Special Attack Aircraft,Mitsubishi Army Type 4 Special Attack Aircraft,/wiki/Mitsubishi_Army_Type_4_Special_Attack_Aircraft
910,Mitsubishi Navy Experimental 7-Shi Land Attacker,Mitsubishi Navy Experimental 7-Shi Land Attacker,/wiki/Mitsubishi_Navy_Experimental_7-Shi_Land_Attacker
911,Mitsubishi Navy Experimental 7-Shi Twin-engine Carrier Aircraft,Mitsubishi Navy Experimental 7-Shi Twin-engine Carrier Aircraft,/wiki/Mitsubishi_Navy_Experimental_7-Shi_Twin-engine_Carrier_Aircraft
912,Mitsubishi Navy Experimental 8-Shi Two-seat Fighter,Mitsubishi Navy Experimental 8-Shi Two-seat Fighter,/wiki/Mitsubishi_Navy_Experimental_8-Shi_Two-seat_Fighter
913,Mitsubishi Navy Experimental 8-shi Attack Bomber,Mitsubishi Navy Experimental 8-shi Attack Bomber,/wiki/Mitsubishi_Navy_Experimental_8-shi_Attack_Bomber
914,Mitsubishi Navy Experimental 9-Shi Carrier Fighter,Mitsubishi Navy Experimental 9-Shi Carrier Fighter,/wiki/Mitsubishi_Navy_Experimental_9-Shi_Carrier_Fighter
915,Mitsubishi Navy Experimental 9-Shi Land Attacker,Mitsubishi Navy Experimental 9-Shi Land Attacker,/wiki/Mitsubishi_Navy_Experimental_9-Shi_Land_Attacker
916,Mitsubishi Navy Experimental 10-Shi Carrier Torpedo Attacker,Mitsubishi Navy Experimental 10-Shi Carrier Torpedo Attacker,/wiki/Mitsubishi_Navy_Experimental_10-Shi_Carrier_Torpedo_Attacker
917,Mitsubishi Navy Experimental 10-Shi Observation Seaplane,Mitsubishi Navy Experimental 10-Shi Observation Seaplane,/wiki/Mitsubishi_Navy_Experimental_10-Shi_Observation_Seaplane
918,Mitsubishi Navy Experimental 11-shi Crew Trainer,Mitsubishi Navy Experimental 11-shi Crew Trainer,/wiki/Mitsubishi_Navy_Experimental_11-shi_Crew_Trainer
919,Mitsubishi Navy Experimental 12-Shi Carrier Fighter,Mitsubishi Navy Experimental 12-Shi Carrier Fighter,/wiki/Mitsubishi_Navy_Experimental_12-Shi_Carrier_Fighter
920,Mitsubishi Navy Experimental 12-Shi Land Attacker,Mitsubishi Navy Experimental 12-Shi Land Attacker,/wiki/Mitsubishi_Navy_Experimental_12-Shi_Land_Attacker
921,Mitsubishi Navy Experimental 14-Shi Land Fighter,Mitsubishi Navy Experimental 14-Shi Land Fighter,/wiki/Mitsubishi_Navy_Experimental_14-Shi_Land_Fighter
922,Mitsubishi Navy Experimental 17-shi Ko (A) Type Carrier Fighter Reppu,Mitsubishi Navy Experimental 17-shi Ko (A) Type Carrier Fighter Reppu,/wiki/Mitsubishi_Navy_Experimental_17-shi_Ko_(A)_Type_Carrier_Fighter_Reppu
923,Mitsubishi Navy Experimental 17-shi Otsu (B) Type Interceptor Fighter Senden,Mitsubishi Navy Experimental 17-shi Otsu (B) Type Interceptor Fighter Senden,/wiki/Mitsubishi_Navy_Experimental_17-shi_Otsu_(B)_Type_Interceptor_Fighter_Senden
924,Mitsubishi Navy Experimental 19-shi Rocket-Powered Interceptor Fighter Shusui,Mitsubishi Navy Experimental 19-shi Rocket-Powered Interceptor Fighter Shusui,/wiki/Mitsubishi_Navy_Experimental_19-shi_Rocket-Powered_Interceptor_Fighter_Shusui
925,Mitsubishi Navy Experimental 19-shi Patrol Aircraft Taiyo,Mitsubishi Navy Experimental 19-shi Patrol Aircraft Taiyo,/wiki/Mitsubishi_Navy_Experimental_19-shi_Patrol_Aircraft_Taiyo
926,Mitsubishi Navy Type 10 Carrier Fighter,Mitsubishi Navy Type 10 Carrier Fighter,/wiki/Mitsubishi_Navy_Type_10_Carrier_Fighter
927,Mitsubishi Navy Type 10 Carrier Attacker,Mitsubishi Navy Type 10 Carrier Attacker,/wiki/Mitsubishi_Navy_Type_10_Carrier_Attacker
928,Mitsubishi Navy Type 10 Carrier reconnaissance Aircraft,Mitsubishi Navy Type 10 Carrier reconnaissance Aircraft,/wiki/Mitsubishi_Navy_Type_10_Carrier_reconnaissance_Aircraft
929,Mitsubishi Navy Type 13-2 Carrier Attacker,Mitsubishi Navy Type 13-2 Carrier Attacker,/wiki/Mitsubishi_Navy_Type_13-2_Carrier_Attacker
930,Mitsubishi Navy Type 13-3 Carrier Attacker,Mitsubishi Navy Type 13-3 Carrier Attacker,/wiki/Mitsubishi_Navy_Type_13-3_Carrier_Attacker
931,Mitsubishi Navy Type 87 Light Bomber,Mitsubishi Navy Type 87 Light Bomber,/wiki/Mitsubishi_Navy_Type_87_Light_Bomber
932,Mitsubishi Navy Type 89-1 Carrier Attacker,Mitsubishi Navy Type 89-1 Carrier Attacker,/wiki/Mitsubishi_Navy_Type_89-1_Carrier_Attacker
933,Mitsubishi Navy Type 89-2 Carrier Attacker,Mitsubishi Navy Type 89-2 Carrier Attacker,/wiki/Mitsubishi_Navy_Type_89-2_Carrier_Attacker
934,Mitsubishi Navy Type 90-1 Crew Trainer,Mitsubishi Navy Type 90-1 Crew Trainer,/wiki/Mitsubishi_Navy_Type_90-1_Crew_Trainer
935,Mitsubishi Navy Type 90 Land Transport,Mitsubishi Navy Type 90 Land Transport,/wiki/Mitsubishi_Navy_Type_90_Land_Transport
936,Mitsubishi Navy Type 93 Attack Bomber,Mitsubishi Navy Type 93 Attack Bomber,/wiki/Mitsubishi_Navy_Type_93_Attack_Bomber
937,Mitsubishi Navy Type 93 Land-Based Attack Bomber,Mitsubishi Navy Type 93 Land-Based Attack Bomber,/wiki/Mitsubishi_Navy_Type_93_Land-Based_Attack_Bomber
938,Mitsubishi Navy Type 96 Model 11 Carrier Fighter,Mitsubishi Navy Type 96 Model 11 Carrier Fighter,/wiki/Mitsubishi_Navy_Type_96_Model_11_Carrier_Fighter
939,Mitsubishi Navy Type 96 Fighter - Trainer,Mitsubishi Navy Type 96 Fighter - Trainer,/wiki/Mitsubishi_Navy_Type_96_Fighter_-_Trainer
940,Mitsubishi Navy Type 96 Attack Bomber,Mitsubishi Navy Type 96 Attack Bomber,/wiki/Mitsubishi_Navy_Type_96_Attack_Bomber
941,Mitsubishi Navy Type 97-2 Carrier Attacker,Mitsubishi Navy Type 97-2 Carrier Attacker,/wiki/Mitsubishi_Navy_Type_97-2_Carrier_Attacker
942,Mitsubishi Navy Type 97 Attack Bomber,Mitsubishi Navy Type 97 Attack Bomber,/wiki/Mitsubishi_Navy_Type_97_Attack_Bomber
943,Mitsubishi Navy Type 98 Reconnaissance Aircraft,Mitsubishi Navy Type 98 Reconnaissance Aircraft,/wiki/Mitsubishi_Navy_Type_98_Reconnaissance_Aircraft
944,Mitsubishi Navy Type 0 Carrier Fighter,Mitsubishi Navy Type 0 Carrier Fighter,/wiki/Mitsubishi_Navy_Type_0_Carrier_Fighter
945,Mitsubishi Navy Type 0 Fighter-Trainer,Mitsubishi Navy Type 0 Fighter-Trainer,/wiki/Mitsubishi_Navy_Type_0_Fighter-Trainer
946,Mitsubishi Navy Type 0 Observation Seaplane,Mitsubishi Navy Type 0 Observation Seaplane,/wiki/Mitsubishi_Navy_Type_0_Observation_Seaplane
947,Mitsubishi Navy Type 0 Transport,Mitsubishi Navy Type 0 Transport,/wiki/Mitsubishi_Navy_Type_0_Transport
948,Mitsubishi Navy Type 1 Attack Bomber,Mitsubishi Navy Type 1 Attack Bomber,/wiki/Mitsubishi_Navy_Type_1_Attack_Bomber
949,Mitsubishi Navy Type 1 Wingtip Convoy Fighter,Mitsubishi Navy Type 1 Wingtip Convoy Fighter,/wiki/Mitsubishi_Navy_Type_1_Wingtip_Convoy_Fighter
950,Mitsubishi Navy Type 1 Large Land Trainer,Mitsubishi Navy Type 1 Large Land Trainer,/wiki/Mitsubishi_Navy_Type_1_Large_Land_Trainer
951,Mitsubishi Navy Type 1 Transport,Mitsubishi Navy Type 1 Transport,/wiki/Mitsubishi_Navy_Type_1_Transport
952,Mitsubishi Navy Type 2 Training Fighter,Mitsubishi Navy Type 2 Training Fighter,/wiki/Mitsubishi_Navy_Type_2_Training_Fighter
953,Mitsubishi Navy Training Fighter,Mitsubishi Navy Training Fighter,/wiki/Mitsubishi_Navy_Training_Fighter
954,Mitsubishi Navy Interceptor Fighter Raiden,Mitsubishi Navy Interceptor Fighter Raiden,/wiki/Mitsubishi_Navy_Interceptor_Fighter_Raiden
955,Mitsubishi Navy Torpedo Bomber Yasukuni,Mitsubishi Navy Torpedo Bomber Yasukuni,/wiki/Mitsubishi_Navy_Torpedo_Bomber_Yasukuni
956,Mizuno Type 1 suicide rocket glider Shinryū,Mizuno Type 1 suicide rocket glider Shinryū,/wiki/Mizuno_Type_1_suicide_rocket_glider_Shinry%C5%AB
957,Mizuno Type 2 rocket interceptor Shinryū,Mizuno Type 2 rocket interceptor Shinryū,/wiki/Mizuno_Type_2_rocket_interceptor_Shinry%C5%AB
958,MKEK-1 Gözcü,MKEK-1 Gözcü,/wiki/MKEK-1_G%C3%B6zc%C3%BC
959,MKEK-2,MKEK-2,/wiki/MKEK-2
960,MKEK-3,MKEK-3,/wiki/MKEK-3
961,MKEK-4 Uğur,MKEK-4 Uğur,/wiki/MKEK-4_U%C4%9Fur
962,MKEK-5,MKEK-5,/wiki/MKEK-5
963,MKEK-6,MKEK-6,/wiki/MKEK-6
964,MMIST CQ-10A Snowgoose,MMIST CQ-10A Snowgoose,/wiki/MMIST_CQ-10A_Snowgoose
965,MMIST CQ-10B Snowgoose,MMIST CQ-10B Snowgoose,/wiki/MMIST_CQ-10B_Snowgoose
966,Mohawk M-2-C Chieftain,Mohawk M-2-C Chieftain,/wiki/Mohawk_M-2-C_Chieftain
967,Moller M200 Neuera,Moller M200 Neuera,/wiki/Moller_M200_Neuera
968,Moller M200X Skycar,Moller M200X Skycar,/wiki/Moller_M200X_Skycar
969,Moller M200G Volantor,Moller M200G Volantor,/wiki/Moller_M200G_Volantor
970,Moller M400 Skycar,Moller M400 Skycar,/wiki/Moller_M400_Skycar
971,Möller Stomo 3,Möller Stomo 3,/wiki/M%C3%B6ller_Stomo_3
972,Mong MS1 Sport,Mong MS1 Sport,/wiki/Mong_MS1_Sport
973,Mong Mongster,Mong Mongster,/wiki/Mong_Mongster
974,Monnett Sonerai,Monnett Sonerai,/wiki/Monnett_Sonerai
975,Monnett Sonerai II,Monnett Sonerai II,/wiki/Monnett_Sonerai_II
976,Monnett Sonerai II-L,Monnett Sonerai II-L,/wiki/Monnett_Sonerai_II-L
977,Monnett Sonerai II-LS,Monnett Sonerai II-LS,/wiki/Monnett_Sonerai_II-LS
978,Monnett Sonerai II-LST,Monnett Sonerai II-LST,/wiki/Monnett_Sonerai_II-LST
979,Monnett Sonerai II-LT,Monnett Sonerai II-LT,/wiki/Monnett_Sonerai_II-LT
980,Monnett Monex,Monnett Monex,/wiki/Monnett_Monex
981,Monnett Moni,Monnett Moni,/wiki/Monnett_Moni
982,Monnett Mini,Monnett Mini,/wiki/Monnett_Mini
983,Mono Monocoupe 1,Mono Monocoupe 1,/wiki/Mono_Monocoupe_1
984,Mono Monocoupe 70,Mono Monocoupe 70,/wiki/Mono_Monocoupe_70
985,Mono Monocoupe 90,Mono Monocoupe 90,/wiki/Mono_Monocoupe_90
986,Mono Monocoupe 110,Mono Monocoupe 110,/wiki/Mono_Monocoupe_110
987,Mono Monocoupe 110 Special,Mono Monocoupe 110 Special,/wiki/Mono_Monocoupe_110_Special
988,Mono Monocoupe 113,Mono Monocoupe 113,/wiki/Mono_Monocoupe_113
989,Mono Monocoupe 113 Special,Mono Monocoupe 113 Special,/wiki/Mono_Monocoupe_113_Special
990,Mono Monocoupe 125,Mono Monocoupe 125,/wiki/Mono_Monocoupe_125
991,Mono Monocoupe 501,Mono Monocoupe 501,/wiki/Mono_Monocoupe_501
992,Mono Monoprep 218,Mono Monoprep 218,/wiki/Mono_Monoprep_218
993,Monocoupe 70-V,Monocoupe 70-V,/wiki/Monocoupe_70-V
994,Monocoupe 90,Monocoupe 90,/wiki/Monocoupe_90
995,Monocoupe 100 Special,Monocoupe 100 Special,/wiki/Monocoupe_100_Special
996,Monocoupe 110,Monocoupe 110,/wiki/Monocoupe_110
997,Monocoupe 125,Monocoupe 125,/wiki/Monocoupe_125
998,Monocoupe D,Monocoupe D,/wiki/Monocoupe_D
999,Monocoupe D-125,Monocoupe D-125,/wiki/Monocoupe_D-125
1000,Monocoupe D-145,Monocoupe D-145,/wiki/Monocoupe_D-145
1001,Monocoupe Monocoach H,Monocoupe Monocoach H,/wiki/Monocoupe_Monocoach_H
1002,Universal L-7,Universal L-7,/wiki/Universal_L-7
1003,Montana Coyote,Montana Coyote,/wiki/Montana_Coyote
1004,Mooney M-10,Mooney M-10,/wiki/Mooney_M-10
1005,Mooney M-17,Mooney M-17,/wiki/Mooney_M-17
1006,Mooney M-18 Mite,Mooney M-18 Mite,/wiki/Mooney_M-18_Mite
1007,Mooney M-20,Mooney M-20,/wiki/Mooney_M-20
1008,Mooney M22,Mooney M22,/wiki/Mooney_M22
1009,Mooney M20,Mooney M20,/wiki/Mooney_M20
1010,Mooney 201,Mooney 201,/wiki/Mooney_201
1011,Mooney Cadet,Mooney Cadet,/wiki/Mooney_Cadet
1012,Mooney TX-1,Mooney TX-1,/wiki/Mooney_TX-1
1013,Mooney Mite,Mooney Mite,/wiki/Mooney_Mite
1014,Moragon Stela,Moragon Stela,/wiki/Moragon_Stela
1015,Morane-Saulnier A,Morane-Saulnier A,/wiki/Morane-Saulnier_A
1016,Morane-Saulnier AC,Morane-Saulnier AC,/wiki/Morane-Saulnier_AC
1017,Morane-Saulnier AF,Morane-Saulnier AF,/wiki/Morane-Saulnier_AF
1018,Morane-Saulnier AFH,Morane-Saulnier AFH,/wiki/Morane-Saulnier_AFH
1019,Morane-Saulnier AI,Morane-Saulnier AI,/wiki/Morane-Saulnier_AI
1020,Morane-Saulnier AN,Morane-Saulnier AN,/wiki/Morane-Saulnier_AN
1021,Morane-Saulnier ANL,Morane-Saulnier ANL,/wiki/Morane-Saulnier_ANL
1022,Morane-Saulnier ANR,Morane-Saulnier ANR,/wiki/Morane-Saulnier_ANR
1023,Morane-Saulnier ANS,Morane-Saulnier ANS,/wiki/Morane-Saulnier_ANS
1024,Morane-Saulnier AR,Morane-Saulnier AR,/wiki/Morane-Saulnier_AR
1025,Morane-Saulnier AS,Morane-Saulnier AS,/wiki/Morane-Saulnier_AS
1026,Morane-Saulnier B,Morane-Saulnier B,/wiki/Morane-Saulnier_B
1027,Morane-Saulnier BB,Morane-Saulnier BB,/wiki/Morane-Saulnier_BB
1028,Morane-Saulnier BH,Morane-Saulnier BH,/wiki/Morane-Saulnier_BH
1029,Morane-Saulnier G,Morane-Saulnier G,/wiki/Morane-Saulnier_G
1030,Morane-Saulnier GA,Morane-Saulnier GA,/wiki/Morane-Saulnier_GA
1031,Morane-Saulnier GB,Morane-Saulnier GB,/wiki/Morane-Saulnier_GB
1032,Morane-Saulnier H,Morane-Saulnier H,/wiki/Morane-Saulnier_H
1033,Morane-Saulnier I,Morane-Saulnier I,/wiki/Morane-Saulnier_I
1034,Morane-Saulnier L,Morane-Saulnier L,/wiki/Morane-Saulnier_L
1035,Morane-Saulnier LA,Morane-Saulnier LA,/wiki/Morane-Saulnier_LA
1036,Morane-Saulnier M,Morane-Saulnier M,/wiki/Morane-Saulnier_M
1037,Morane-Saulnier N,Morane-Saulnier N,/wiki/Morane-Saulnier_N
1038,Morane-Saulnier P,Morane-Saulnier P,/wiki/Morane-Saulnier_P
1039,Morane-Saulnier S,Morane-Saulnier S,/wiki/Morane-Saulnier_S
1040,Morane-Saulnier T,Morane-Saulnier T,/wiki/Morane-Saulnier_T
1041,Morane-Saulnier U,Morane-Saulnier U,/wiki/Morane-Saulnier_U
1042,Morane-Saulnier V,Morane-Saulnier V,/wiki/Morane-Saulnier_V
1043,Morane-Saulnier WB,Morane-Saulnier WB,/wiki/Morane-Saulnier_WB
1044,Morane-Saulnier TRK,Morane-Saulnier TRK,/wiki/Morane-Saulnier_TRK
1045,Morane-Saulnier MoS-2,Morane-Saulnier MoS-2,/wiki/Morane-Saulnier_MoS-2
1046,Morane-Saulnier MoS-3,Morane-Saulnier MoS-3,/wiki/Morane-Saulnier_MoS-3
1047,Morane-Saulnier MoS-4,Morane-Saulnier MoS-4,/wiki/Morane-Saulnier_MoS-4
1048,Morane-Saulnier MoS-5,Morane-Saulnier MoS-5,/wiki/Morane-Saulnier_MoS-5
1049,Morane-Saulnier MoS-5 C1,Morane-Saulnier MoS-5 C1,/wiki/Morane-Saulnier_MoS-5_C1
1050,Morane-Saulnier MoS-6,Morane-Saulnier MoS-6,/wiki/Morane-Saulnier_MoS-6
1051,Morane-Saulnier MoS-7,Morane-Saulnier MoS-7,/wiki/Morane-Saulnier_MoS-7
1052,Morane-Saulnier MoS-8,Morane-Saulnier MoS-8,/wiki/Morane-Saulnier_MoS-8
1053,Morane-Saulnier MoS-9,Morane-Saulnier MoS-9,/wiki/Morane-Saulnier_MoS-9
1054,Morane-Saulnier MoS-10,Morane-Saulnier MoS-10,/wiki/Morane-Saulnier_MoS-10
1055,Morane-Saulnier MoS-12,Morane-Saulnier MoS-12,/wiki/Morane-Saulnier_MoS-12
1056,Morane-Saulnier MoS-13,Morane-Saulnier MoS-13,/wiki/Morane-Saulnier_MoS-13
1057,Morane-Saulnier MoS-14,Morane-Saulnier MoS-14,/wiki/Morane-Saulnier_MoS-14
1058,Morane-Saulnier MoS-15,Morane-Saulnier MoS-15,/wiki/Morane-Saulnier_MoS-15
1059,Morane-Saulnier MoS-17,Morane-Saulnier MoS-17,/wiki/Morane-Saulnier_MoS-17
1060,Morane-Saulnier MoS-18,Morane-Saulnier MoS-18,/wiki/Morane-Saulnier_MoS-18
1061,Morane-Saulnier MoS-19,Morane-Saulnier MoS-19,/wiki/Morane-Saulnier_MoS-19
1062,Morane-Saulnier MoS-23,Morane-Saulnier MoS-23,/wiki/Morane-Saulnier_MoS-23
1063,Morane-Saulnier MoS-25,Morane-Saulnier MoS-25,/wiki/Morane-Saulnier_MoS-25
1064,Morane-Saulnier MoS-27,Morane-Saulnier MoS-27,/wiki/Morane-Saulnier_MoS-27
1065,Morane-Saulnier MoS-28,Morane-Saulnier MoS-28,/wiki/Morane-Saulnier_MoS-28
1066,Morane-Saulnier MoS-29,Morane-Saulnier MoS-29,/wiki/Morane-Saulnier_MoS-29
1067,Morane-Saulnier MoS-30,Morane-Saulnier MoS-30,/wiki/Morane-Saulnier_MoS-30
1068,Morane-Saulnier MoS-35,Morane-Saulnier MoS-35,/wiki/Morane-Saulnier_MoS-35
1069,Morane-Saulnier MoS-43,Morane-Saulnier MoS-43,/wiki/Morane-Saulnier_MoS-43
1070,Morane-Saulnier MoS-50,Morane-Saulnier MoS-50,/wiki/Morane-Saulnier_MoS-50
1071,Morane-Saulnier MoS-51,Morane-Saulnier MoS-51,/wiki/Morane-Saulnier_MoS-51
1072,Morane-Saulnier MoS-53,Morane-Saulnier MoS-53,/wiki/Morane-Saulnier_MoS-53
1073,Morane-Saulnier MoS-121,Morane-Saulnier MoS-121,/wiki/Morane-Saulnier_MoS-121
1074,Morane-Saulnier MoS-130,Morane-Saulnier MoS-130,/wiki/Morane-Saulnier_MoS-130
1075,Morane-Saulnier MoS-132,Morane-Saulnier MoS-132,/wiki/Morane-Saulnier_MoS-132
1076,Morane-Saulnier MoS-133,Morane-Saulnier MoS-133,/wiki/Morane-Saulnier_MoS-133
1077,Morane-Saulnier MoS-134,Morane-Saulnier MoS-134,/wiki/Morane-Saulnier_MoS-134
1078,Morane-Saulnier MoS-136,Morane-Saulnier MoS-136,/wiki/Morane-Saulnier_MoS-136
1079,Morane-Saulnier MoS-137,Morane-Saulnier MoS-137,/wiki/Morane-Saulnier_MoS-137
1080,Morane-Saulnier MoS-138,Morane-Saulnier MoS-138,/wiki/Morane-Saulnier_MoS-138
1081,Morane-Saulnier MoS-139,Morane-Saulnier MoS-139,/wiki/Morane-Saulnier_MoS-139
1082,Morane-Saulnier MS.140,Morane-Saulnier MS.140,/wiki/Morane-Saulnier_MS.140
1083,Morane-Saulnier MoS-147,Morane-Saulnier MoS-147,/wiki/Morane-Saulnier_MoS-147
1084,Morane-Saulnier MoS-148,Morane-Saulnier MoS-148,/wiki/Morane-Saulnier_MoS-148
1085,Morane-Saulnier MoS-149,Morane-Saulnier MoS-149,/wiki/Morane-Saulnier_MoS-149
1086,Morane-Saulnier MS.129,Morane-Saulnier MS.129,/wiki/Morane-Saulnier_MS.129
1087,Morane-Saulnier MS.152,Morane-Saulnier MS.152,/wiki/Morane-Saulnier_MS.152
1088,Morane-Saulnier MS.180,Morane-Saulnier MS.180,/wiki/Morane-Saulnier_MS.180
1089,Morane-Saulnier MS.181,Morane-Saulnier MS.181,/wiki/Morane-Saulnier_MS.181
1090,Morane-Saulnier MS.185,Morane-Saulnier MS.185,/wiki/Morane-Saulnier_MS.185
1091,Morane-Saulnier MS.191,Morane-Saulnier MS.191,/wiki/Morane-Saulnier_MS.191
1092,Morane-Saulnier MS.221,Morane-Saulnier MS.221,/wiki/Morane-Saulnier_MS.221
1093,Morane-Saulnier MS.222,Morane-Saulnier MS.222,/wiki/Morane-Saulnier_MS.222
1094,Morane-Saulnier MS.223,Morane-Saulnier MS.223,/wiki/Morane-Saulnier_MS.223
1095,Morane-Saulnier MS.224,Morane-Saulnier MS.224,/wiki/Morane-Saulnier_MS.224
1096,Morane-Saulnier MS.225,Morane-Saulnier MS.225,/wiki/Morane-Saulnier_MS.225
1097,Morane-Saulnier MS.226,Morane-Saulnier MS.226,/wiki/Morane-Saulnier_MS.226
1098,Morane-Saulnier MS.227,Morane-Saulnier MS.227,/wiki/Morane-Saulnier_MS.227
1099,Morane-Saulnier MS.229,Morane-Saulnier MS.229,/wiki/Morane-Saulnier_MS.229
1100,Morane-Saulnier MS.230,Morane-Saulnier MS.230,/wiki/Morane-Saulnier_MS.230
1101,Morane-Saulnier MS.231,Morane-Saulnier MS.231,/wiki/Morane-Saulnier_MS.231
1102,Morane-Saulnier MS.232,Morane-Saulnier MS.232,/wiki/Morane-Saulnier_MS.232
1103,Morane-Saulnier MS.233,Morane-Saulnier MS.233,/wiki/Morane-Saulnier_MS.233
1104,Morane-Saulnier MS.234,Morane-Saulnier MS.234,/wiki/Morane-Saulnier_MS.234
1105,Morane-Saulnier MS.234/2,Morane-Saulnier MS.234/2,/wiki/Morane-Saulnier_MS.234/2
1106,Morane-Saulnier MS.234no2,Morane-Saulnier MS.234no2,/wiki/Morane-Saulnier_MS.234no2
1107,Morane-Saulnier MS.235,Morane-Saulnier MS.235,/wiki/Morane-Saulnier_MS.235
1108,Morane-Saulnier MS.236,Morane-Saulnier MS.236,/wiki/Morane-Saulnier_MS.236
1109,Morane-Saulnier MS.237,Morane-Saulnier MS.237,/wiki/Morane-Saulnier_MS.237
1110,Morane-Saulnier MS.275,Morane-Saulnier MS.275,/wiki/Morane-Saulnier_MS.275
1111,Morane-Saulnier MS.278,Morane-Saulnier MS.278,/wiki/Morane-Saulnier_MS.278
1112,Morane-Saulnier MS.300,Morane-Saulnier MS.300,/wiki/Morane-Saulnier_MS.300
1113,Morane-Saulnier MS.301,Morane-Saulnier MS.301,/wiki/Morane-Saulnier_MS.301
1114,Morane-Saulnier MS.315,Morane-Saulnier MS.315,/wiki/Morane-Saulnier_MS.315
1115,Morane-Saulnier MS.315/2,Morane-Saulnier MS.315/2,/wiki/Morane-Saulnier_MS.315/2
1116,Morane-Saulnier MS.316,Morane-Saulnier MS.316,/wiki/Morane-Saulnier_MS.316
1117,Morane-Saulnier MS.317,Morane-Saulnier MS.317,/wiki/Morane-Saulnier_MS.317
1118,Morane-Saulnier MS.325,Morane-Saulnier MS.325,/wiki/Morane-Saulnier_MS.325
1119,Morane-Saulnier MS.340,Morane-Saulnier MS.340,/wiki/Morane-Saulnier_MS.340
1120,Morane-Saulnier MS.341,Morane-Saulnier MS.341,/wiki/Morane-Saulnier_MS.341
1121,Morane-Saulnier MS.342,Morane-Saulnier MS.342,/wiki/Morane-Saulnier_MS.342
1122,Morane-Saulnier MS.343,Morane-Saulnier MS.343,/wiki/Morane-Saulnier_MS.343
1123,Morane-Saulnier MS.345,Morane-Saulnier MS.345,/wiki/Morane-Saulnier_MS.345
1124,Morane-Saulnier MS.350,Morane-Saulnier MS.350,/wiki/Morane-Saulnier_MS.350
1125,Morane-Saulnier MS.405,Morane-Saulnier MS.405,/wiki/Morane-Saulnier_MS.405
1126,Morane-Saulnier MS.406,Morane-Saulnier MS.406,/wiki/Morane-Saulnier_MS.406
1127,Morane-Saulnier MS.410,Morane-Saulnier MS.410,/wiki/Morane-Saulnier_MS.410
1128,Morane-Saulnier MS.430,Morane-Saulnier MS.430,/wiki/Morane-Saulnier_MS.430
1129,Morane-Saulnier MS.435,Morane-Saulnier MS.435,/wiki/Morane-Saulnier_MS.435
1130,Morane-Saulnier MS.450,Morane-Saulnier MS.450,/wiki/Morane-Saulnier_MS.450
1131,Morane-Saulnier MS.470,Morane-Saulnier MS.470,/wiki/Morane-Saulnier_MS.470
1132,Morane-Saulnier MS.471,Morane-Saulnier MS.471,/wiki/Morane-Saulnier_MS.471
1133,Morane-Saulnier MS.472,Morane-Saulnier MS.472,/wiki/Morane-Saulnier_MS.472
1134,Morane-Saulnier MS.473,Morane-Saulnier MS.473,/wiki/Morane-Saulnier_MS.473
1135,Morane-Saulnier MS.474,Morane-Saulnier MS.474,/wiki/Morane-Saulnier_MS.474
1136,Morane-Saulnier MS.475,Morane-Saulnier MS.475,/wiki/Morane-Saulnier_MS.475
1137,Morane-Saulnier MS.476,Morane-Saulnier MS.476,/wiki/Morane-Saulnier_MS.476
1138,Morane-Saulnier MS.477,Morane-Saulnier MS.477,/wiki/Morane-Saulnier_MS.477
1139,Morane-Saulnier MS.478,Morane-Saulnier MS.478,/wiki/Morane-Saulnier_MS.478
1140,Morane-Saulnier MS.479,Morane-Saulnier MS.479,/wiki/Morane-Saulnier_MS.479
1141,Morane-Saulnier MS.500,Morane-Saulnier MS.500,/wiki/Morane-Saulnier_MS.500
1142,Morane-Saulnier MS.501,Morane-Saulnier MS.501,/wiki/Morane-Saulnier_MS.501
1143,Morane-Saulnier MS.502,Morane-Saulnier MS.502,/wiki/Morane-Saulnier_MS.502
1144,Morane-Saulnier MS.504,Morane-Saulnier MS.504,/wiki/Morane-Saulnier_MS.504
1145,Morane-Saulnier MS.505,Morane-Saulnier MS.505,/wiki/Morane-Saulnier_MS.505
1146,Morane-Saulnier MS.506,Morane-Saulnier MS.506,/wiki/Morane-Saulnier_MS.506
1147,Morane-Saulnier MS.560,Morane-Saulnier MS.560,/wiki/Morane-Saulnier_MS.560
1148,Morane-Saulnier MS.561,Morane-Saulnier MS.561,/wiki/Morane-Saulnier_MS.561
1149,Morane-Saulnier MS.562,Morane-Saulnier MS.562,/wiki/Morane-Saulnier_MS.562
1150,Morane-Saulnier MS.563,Morane-Saulnier MS.563,/wiki/Morane-Saulnier_MS.563
1151,Morane-Saulnier MS.564,Morane-Saulnier MS.564,/wiki/Morane-Saulnier_MS.564
1152,Morane-Saulnier MS.570,Morane-Saulnier MS.570,/wiki/Morane-Saulnier_MS.570
1153,Morane-Saulnier MS.571,Morane-Saulnier MS.571,/wiki/Morane-Saulnier_MS.571
1154,Morane-Saulnier MS.600,Morane-Saulnier MS.600,/wiki/Morane-Saulnier_MS.600
1155,Morane-Saulnier MS.602,Morane-Saulnier MS.602,/wiki/Morane-Saulnier_MS.602
1156,Morane-Saulnier MS.603,Morane-Saulnier MS.603,/wiki/Morane-Saulnier_MS.603
1157,Morane-Saulnier MS.700,Morane-Saulnier MS.700,/wiki/Morane-Saulnier_MS.700
1158,Morane-Saulnier MS.701,Morane-Saulnier MS.701,/wiki/Morane-Saulnier_MS.701
1159,Morane-Saulnier MS.703,Morane-Saulnier MS.703,/wiki/Morane-Saulnier_MS.703
1160,Morane-Saulnier MS.704,Morane-Saulnier MS.704,/wiki/Morane-Saulnier_MS.704
1161,Morane-Saulnier MS.730,Morane-Saulnier MS.730,/wiki/Morane-Saulnier_MS.730
1162,Morane-Saulnier MS.731,Morane-Saulnier MS.731,/wiki/Morane-Saulnier_MS.731
1163,Morane-Saulnier MS.733,Morane-Saulnier MS.733,/wiki/Morane-Saulnier_MS.733
1164,Morane-Saulnier MS.735,Morane-Saulnier MS.735,/wiki/Morane-Saulnier_MS.735
1165,Morane-Saulnier MS.755,Morane-Saulnier MS.755,/wiki/Morane-Saulnier_MS.755
1166,Morane-Saulnier MS.760,Morane-Saulnier MS.760,/wiki/Morane-Saulnier_MS.760
1167,Morane-Saulnier MS.880,Morane-Saulnier MS.880,/wiki/Morane-Saulnier_MS.880
1168,Morane-Saulnier MS.880b,Morane-Saulnier MS.880b,/wiki/Morane-Saulnier_MS.880b
1169,Morane-Saulnier MS.885,Morane-Saulnier MS.885,/wiki/Morane-Saulnier_MS.885
1170,Morane-Saulnier MS.893,Morane-Saulnier MS.893,/wiki/Morane-Saulnier_MS.893
1171,Mörkö Moraani,Mörkö Moraani,/wiki/M%C3%B6rk%C3%B6_Moraani
1172,Morrisey 2000C,Morrisey 2000C,/wiki/Morrisey_2000C
1173,Morrisey 2150,Morrisey 2150,/wiki/Morrisey_2150
1174,Morrison 6,Morrison 6,/wiki/Morrison_6
1175,Moryson Ostrovia I,Moryson Ostrovia I,/wiki/Moryson_Ostrovia_I
1176,Moryson Ostrovia II,Moryson Ostrovia II,/wiki/Moryson_Ostrovia_II
1177,Mosca-Bystritsky MBbis,Mosca-Bystritsky MBbis,/wiki/Mosca-Bystritsky_MBbis
1178,Moskalyev SAM-5,Moskalyev SAM-5,/wiki/Moskalyev_SAM-5
1179,Moskalyev SAM-5bis,Moskalyev SAM-5bis,/wiki/Moskalyev_SAM-5bis
1180,Moskalyev SAM-5-2bis,Moskalyev SAM-5-2bis,/wiki/Moskalyev_SAM-5-2bis
1181,Moskalyev SAM-13,Moskalyev SAM-13,/wiki/Moskalyev_SAM-13
1182,Moskalyev SAM-14,Moskalyev SAM-14,/wiki/Moskalyev_SAM-14
1183,Moskalyev SAM-25,Moskalyev SAM-25,/wiki/Moskalyev_SAM-25
1184,Mosquito Aviation XE,Mosquito Aviation XE,/wiki/Mosquito_Aviation_XE
1185,Mosquito Aviation AIR,Mosquito Aviation AIR,/wiki/Mosquito_Aviation_AIR
1186,Mosquito Aviation XEL,Mosquito Aviation XEL,/wiki/Mosquito_Aviation_XEL
1187,Mosquito Aviation XE3,Mosquito Aviation XE3,/wiki/Mosquito_Aviation_XE3
1188,Mosquito Aviation XET,Mosquito Aviation XET,/wiki/Mosquito_Aviation_XET
1189,Mountaineer Trikes Mite-Lite,Mountaineer Trikes Mite-Lite,/wiki/Mountaineer_Trikes_Mite-Lite
1190,Mountaineer Trikes Dual 175,Mountaineer Trikes Dual 175,/wiki/Mountaineer_Trikes_Dual_175
1191,Mountaineer Trikes Solo 175,Mountaineer Trikes Solo 175,/wiki/Mountaineer_Trikes_Solo_175
1192,Moss M.A.1,Moss M.A.1,/wiki/Moss_M.A.1
1193,Moss M.A.2,Moss M.A.2,/wiki/Moss_M.A.2
1194,Moyes Litespeed,Moyes Litespeed,/wiki/Moyes_Litespeed
1195,Moyes Litesport,Moyes Litesport,/wiki/Moyes_Litesport
1196,Moyes Malibu,Moyes Malibu,/wiki/Moyes_Malibu
1197,Moyes Max,Moyes Max,/wiki/Moyes_Max
1198,Moyes Sonic,Moyes Sonic,/wiki/Moyes_Sonic
1199,Moyes Ventura,Moyes Ventura,/wiki/Moyes_Ventura
1200,Moyes XT,Moyes XT,/wiki/Moyes_XT
1201,Moyes Dragonfly,Moyes Dragonfly,/wiki/Moyes_Dragonfly
1202,Moyes Dragonfly C,Moyes Dragonfly C,/wiki/Moyes_Dragonfly_C
1203,Moyes Tempest,Moyes Tempest,/wiki/Moyes_Tempest
1204,Moynet M-360 Jupiter,Moynet M-360 Jupiter,/wiki/Moynet_M-360_Jupiter
1205,Mráz K-65 Čáp,Mráz K-65 Čáp,/wiki/Mr%C3%A1z_K-65_%C4%8C%C3%A1p
1206,Mráz M.1 Sokol,Mráz M.1 Sokol,/wiki/Mr%C3%A1z_M.1_Sokol
1207,Mráz M-2 Skaut,Mráz M-2 Skaut,/wiki/Mr%C3%A1z_M-2_Skaut
1208,MSL Aero H80,MSL Aero H80,/wiki/MSL_Aero_H80
1209,MSL Aero H100,MSL Aero H100,/wiki/MSL_Aero_H100
1210,MSL Aero H2O,MSL Aero H2O,/wiki/MSL_Aero_H2O
1211,MSL Aero Type H,MSL Aero Type H,/wiki/MSL_Aero_Type_H
1212,MS Parafly Skyward,MS Parafly Skyward,/wiki/MS_Parafly_Skyward
1213,MSrE M-19,MSrE M-19,/wiki/MSrE_M-19
1214,MSrE M-20,MSrE M-20,/wiki/MSrE_M-20
1215,MSrE M-24,MSrE M-24,/wiki/MSrE_M-24
1216,MSrE M-30 Fergeteg,MSrE M-30 Fergeteg,/wiki/MSrE_M-30_Fergeteg
1217,Bánhidi Gerle,Gerle 11,/wiki/B%C3%A1nhidi_Gerle
1218,Bánhidi Gerle,Gerle 12,/wiki/B%C3%A1nhidi_Gerle
1219,Bánhidi Gerle,Gerle 13,/wiki/B%C3%A1nhidi_Gerle
1220,Bánhidi Gerle,Gerle 14,/wiki/B%C3%A1nhidi_Gerle
1221,Bánhidi Gerle,Gerle 15,/wiki/B%C3%A1nhidi_Gerle
1222,Bánhidi Gerle,Gerle 16,/wiki/B%C3%A1nhidi_Gerle
1223,Bánhidi Gerle,Gerle 17,/wiki/B%C3%A1nhidi_Gerle
1224,Bánhidi Gerle,Gerle 18,/wiki/B%C3%A1nhidi_Gerle
1225,EMESE-B,EMESE-B,/wiki/EMESE-B
1226,EMESE-C,EMESE-C,/wiki/EMESE-C
1227,MSW Votec 221,MSW Votec 221,/wiki/MSW_Votec_221
1228,MSW Votec 232,MSW Votec 232,/wiki/MSW_Votec_232
1229,MSW Votec 252SBS,MSW Votec 252SBS,/wiki/MSW_Votec_252SBS
1230,MSW Votec 252T,MSW Votec 252T,/wiki/MSW_Votec_252T
1231,MSW Votec 322,MSW Votec 322,/wiki/MSW_Votec_322
1232,MSW Votec 351,MSW Votec 351,/wiki/MSW_Votec_351
1233,MSW Votec 352T,MSW Votec 352T,/wiki/MSW_Votec_352T
1234,Mudry CAP 10,Mudry CAP 10,/wiki/Mudry_CAP_10
1235,Mudry CAP 20,Mudry CAP 20,/wiki/Mudry_CAP_20
1236,Mudry CAP 20LS-180,Mudry CAP 20LS-180,/wiki/Mudry_CAP_20LS-180
1237,Mudry CAP 20LS-200,Mudry CAP 20LS-200,/wiki/Mudry_CAP_20LS-200
1238,Mudry CAP 21,Mudry CAP 21,/wiki/Mudry_CAP_21
1239,Mudry CAP-X,Mudry CAP-X,/wiki/Mudry_CAP-X
1240,Mudry CAP-X Super,Mudry CAP-X Super,/wiki/Mudry_CAP-X_Super
1241,Mudry CAP-X4,Mudry CAP-X4,/wiki/Mudry_CAP-X4
1242,CAP 230,CAP 230,/wiki/CAP_230
1243,CAP 231,CAP 231,/wiki/CAP_231
1244,CAP 232,CAP 232,/wiki/CAP_232
1245,Müller G.M.G. II,Müller G.M.G. II,/wiki/M%C3%BCller_G.M.G._II
1246,Muniz Casmuniz 52,Muniz Casmuniz 52,/wiki/Muniz_Casmuniz_52
1247,Muniz M-5,Muniz M-5,/wiki/Muniz_M-5
1248,Muniz M-7,Muniz M-7,/wiki/Muniz_M-7
1249,Muniz M-9,Muniz M-9,/wiki/Muniz_M-9
1250,Muniz M-11,Muniz M-11,/wiki/Muniz_M-11
1251,Murphy Elite,Murphy Elite,/wiki/Murphy_Elite
1252,Murphy Maverick,Murphy Maverick,/wiki/Murphy_Maverick
1253,Murphy Moose,Murphy Moose,/wiki/Murphy_Moose
1254,Murphy Rebel,Murphy Rebel,/wiki/Murphy_Rebel
1255,Murphy Renegade,Murphy Renegade,/wiki/Murphy_Renegade
1256,Murphy Renegade Spirit,Murphy Renegade Spirit,/wiki/Murphy_Renegade_Spirit
1257,Murphy Yukon,Murphy Yukon,/wiki/Murphy_Yukon
1258,Murphy JDM-8,Murphy JDM-8,/wiki/Murphy_JDM-8
1259,Murphy SR2500 Super Rebel,Murphy SR2500 Super Rebel,/wiki/Murphy_SR2500_Super_Rebel
1260,Murphy SR3500 Super Rebel,Murphy SR3500 Super Rebel,/wiki/Murphy_SR3500_Super_Rebel
1261,Murrayair MA-1,Murrayair MA-1,/wiki/Murrayair_MA-1
1262,MX Aircraft MX2,MX Aircraft MX2,/wiki/MX_Aircraft_MX2
1263,MX Aircraft MXS,MX Aircraft MXS,/wiki/MX_Aircraft_MXS
1264,Myasishchev SDB,Myasishchev SDB,/wiki/Myasishchev_SDB
1265,Myasishchev M,Myasishchev M,/wiki/Myasishchev_M
1266,Myasishchev 2M,Myasishchev 2M,/wiki/Myasishchev_2M
1267,Myasishchev 3M,Myasishchev 3M,/wiki/Myasishchev_3M
1268,Myasishchev M-4,Myasishchev M-4,/wiki/Myasishchev_M-4
1269,Myasishchev Subject 34,Myasishchev Subject 34,/wiki/Myasishchev_Subject_34
1270,Myasishchev M-17,Myasishchev M-17,/wiki/Myasishchev_M-17
1271,Myasishchev M-18,Myasishchev M-18,/wiki/Myasishchev_M-18
1272,Myasishchev M-50,Myasishchev M-50,/wiki/Myasishchev_M-50
1273,Myasishchev M-52,Myasishchev M-52,/wiki/Myasishchev_M-52
1274,Myasishchev M-55,Myasishchev M-55,/wiki/Myasishchev_M-55
1275,Myasishchev VM-T,Myasishchev VM-T,/wiki/Myasishchev_VM-T
1276,Myasishchev M-101T,Myasishchev M-101T,/wiki/Myasishchev_M-101T
1277,Mylius My-102 Tornado,Mylius My-102 Tornado,/wiki/Mylius_My-102_Tornado
1278,Mylius My-103 Mistral,Mylius My-103 Mistral,/wiki/Mylius_My-103_Mistral
1279,Mylius My-103/180,Mylius My-103/180,/wiki/Mylius_My-103/180
1280,Mylius My-103/200,Mylius My-103/200,/wiki/Mylius_My-103/200
1281,Mylius My-104,Mylius My-104,/wiki/Mylius_My-104
